x,y,order,hole,piece,group,fips,abbr,full
-1533714.0,-1824318,183,FALSE,1,02.1,02,AK,Alaska
-1530430.9,-1821090,184,FALSE,1,02.1,02,AK,Alaska
-1523876.6,-1818620,185,FALSE,1,02.1,02,AK,Alaska
-1516419.8,-1814484,186,FALSE,1,02.1,02,AK,Alaska
-1505861.0,-1807138,187,FALSE,1,02.1,02,AK,Alaska
-1491277.5,-1798708,188,FALSE,1,02.1,02,AK,Alaska
-1478952.0,-1792434,189,FALSE,1,02.1,02,AK,Alaska
-1467701.9,-1788319,190,FALSE,1,02.1,02,AK,Alaska
-1459926.9,-1786248,191,FALSE,1,02.1,02,AK,Alaska
-1459840.4,-1786252,192,FALSE,1,02.1,02,AK,Alaska
-1449498.5,-1786720,193,FALSE,1,02.1,02,AK,Alaska
-1445688.4,-1788795,194,FALSE,1,02.1,02,AK,Alaska
-1448213.0,-1791639,195,FALSE,1,02.1,02,AK,Alaska
-1449778.4,-1794677,196,FALSE,1,02.1,02,AK,Alaska
-1451355.7,-1797000,197,FALSE,1,02.1,02,AK,Alaska
-1451306.4,-1801201,198,FALSE,1,02.1,02,AK,Alaska
-1451420.7,-1803653,199,FALSE,1,02.1,02,AK,Alaska
-1453082.7,-1805294,200,FALSE,1,02.1,02,AK,Alaska
-1453088.9,-1807078,201,FALSE,1,02.1,02,AK,Alaska
-1451438.9,-1811892,202,FALSE,1,02.1,02,AK,Alaska
-1449634.0,-1814141,203,FALSE,1,02.1,02,AK,Alaska
-1445848.3,-1813136,204,FALSE,1,02.1,02,AK,Alaska
-1443572.8,-1813345,205,FALSE,1,02.1,02,AK,Alaska
-1439529.8,-1814984,206,FALSE,1,02.1,02,AK,Alaska
-1436709.3,-1814308,207,FALSE,1,02.1,02,AK,Alaska
-1432110.3,-1813960,208,FALSE,1,02.1,02,AK,Alaska
-1429931.6,-1816715,209,FALSE,1,02.1,02,AK,Alaska
-1426229.6,-1816477,210,FALSE,1,02.1,02,AK,Alaska
-1424583.2,-1817486,211,FALSE,1,02.1,02,AK,Alaska
-1420839.7,-1815297,212,FALSE,1,02.1,02,AK,Alaska
-1415485.1,-1818475,213,FALSE,1,02.1,02,AK,Alaska
-1414170.0,-1815923,214,FALSE,1,02.1,02,AK,Alaska
-1410873.1,-1810816,215,FALSE,1,02.1,02,AK,Alaska
-1409477.3,-1807646,216,FALSE,1,02.1,02,AK,Alaska
-1408236.7,-1806554,217,FALSE,1,02.1,02,AK,Alaska
-1405625.7,-1807054,218,FALSE,1,02.1,02,AK,Alaska
-1405340.3,-1808682,219,FALSE,1,02.1,02,AK,Alaska
-1403134.3,-1809428,220,FALSE,1,02.1,02,AK,Alaska
-1399298.9,-1808387,221,FALSE,1,02.1,02,AK,Alaska
-1400833.2,-1804191,222,FALSE,1,02.1,02,AK,Alaska
-1404949.4,-1801273,223,FALSE,1,02.1,02,AK,Alaska
-1409492.7,-1799603,224,FALSE,1,02.1,02,AK,Alaska
-1411666.7,-1799522,225,FALSE,1,02.1,02,AK,Alaska
-1415871.4,-1801684,226,FALSE,1,02.1,02,AK,Alaska
-1414545.6,-1796116,227,FALSE,1,02.1,02,AK,Alaska
-1414575.0,-1793449,228,FALSE,1,02.1,02,AK,Alaska
-1418369.0,-1787522,229,FALSE,1,02.1,02,AK,Alaska
-1419391.4,-1784111,230,FALSE,1,02.1,02,AK,Alaska
-1422384.7,-1781919,231,FALSE,1,02.1,02,AK,Alaska
-1425048.9,-1780928,232,FALSE,1,02.1,02,AK,Alaska
-1426825.8,-1774787,233,FALSE,1,02.1,02,AK,Alaska
-1425861.5,-1772557,234,FALSE,1,02.1,02,AK,Alaska
-1423603.2,-1770315,235,FALSE,1,02.1,02,AK,Alaska
-1423515.8,-1768800,236,FALSE,1,02.1,02,AK,Alaska
-1426412.9,-1767679,237,FALSE,1,02.1,02,AK,Alaska
-1430130.0,-1767777,238,FALSE,1,02.1,02,AK,Alaska
-1432956.7,-1765584,239,FALSE,1,02.1,02,AK,Alaska
-1437908.1,-1763573,240,FALSE,1,02.1,02,AK,Alaska
-1442916.6,-1761507,241,FALSE,1,02.1,02,AK,Alaska
-1444788.3,-1760460,242,FALSE,1,02.1,02,AK,Alaska
-1444967.6,-1755257,243,FALSE,1,02.1,02,AK,Alaska
-1446320.6,-1744496,244,FALSE,1,02.1,02,AK,Alaska
-1448511.6,-1736529,245,FALSE,1,02.1,02,AK,Alaska
-1451581.7,-1731812,246,FALSE,1,02.1,02,AK,Alaska
-1455919.5,-1727527,247,FALSE,1,02.1,02,AK,Alaska
-1464210.1,-1715896,248,FALSE,1,02.1,02,AK,Alaska
-1467928.7,-1710572,249,FALSE,1,02.1,02,AK,Alaska
-1468653.7,-1710021,250,FALSE,1,02.1,02,AK,Alaska
-1473186.1,-1706547,251,FALSE,1,02.1,02,AK,Alaska
-1476137.7,-1705131,252,FALSE,1,02.1,02,AK,Alaska
-1477644.3,-1703322,253,FALSE,1,02.1,02,AK,Alaska
-1478982.2,-1698957,254,FALSE,1,02.1,02,AK,Alaska
-1482209.4,-1694968,255,FALSE,1,02.1,02,AK,Alaska
-1486647.9,-1691999,256,FALSE,1,02.1,02,AK,Alaska
-1490561.5,-1691218,257,FALSE,1,02.1,02,AK,Alaska
-1485947.0,-1688357,258,FALSE,1,02.1,02,AK,Alaska
-1481322.1,-1687129,259,FALSE,1,02.1,02,AK,Alaska
-1479983.4,-1683212,260,FALSE,1,02.1,02,AK,Alaska
-1478414.1,-1678624,261,FALSE,1,02.1,02,AK,Alaska
-1476972.8,-1672958,262,FALSE,1,02.1,02,AK,Alaska
-1476364.0,-1665422,263,FALSE,1,02.1,02,AK,Alaska
-1471532.3,-1666356,264,FALSE,1,02.1,02,AK,Alaska
-1465109.9,-1667880,265,FALSE,1,02.1,02,AK,Alaska
-1455906.3,-1667636,266,FALSE,1,02.1,02,AK,Alaska
-1448514.9,-1666700,267,FALSE,1,02.1,02,AK,Alaska
-1443982.6,-1666529,268,FALSE,1,02.1,02,AK,Alaska
-1438260.2,-1663526,269,FALSE,1,02.1,02,AK,Alaska
-1431822.7,-1657809,270,FALSE,1,02.1,02,AK,Alaska
-1425488.2,-1649026,271,FALSE,1,02.1,02,AK,Alaska
-1423302.3,-1642829,272,FALSE,1,02.1,02,AK,Alaska
-1422276.0,-1633531,273,FALSE,1,02.1,02,AK,Alaska
-1420317.7,-1627273,274,FALSE,1,02.1,02,AK,Alaska
-1418523.4,-1622921,275,FALSE,1,02.1,02,AK,Alaska
-1414802.7,-1617901,276,FALSE,1,02.1,02,AK,Alaska
-1409447.2,-1609538,277,FALSE,1,02.1,02,AK,Alaska
-1405784.5,-1604493,278,FALSE,1,02.1,02,AK,Alaska
-1398636.2,-1598601,279,FALSE,1,02.1,02,AK,Alaska
-1394200.6,-1600254,280,FALSE,1,02.1,02,AK,Alaska
-1389712.8,-1600845,281,FALSE,1,02.1,02,AK,Alaska
-1382056.1,-1597177,282,FALSE,1,02.1,02,AK,Alaska
-1372174.2,-1588309,283,FALSE,1,02.1,02,AK,Alaska
-1366370.3,-1581009,284,FALSE,1,02.1,02,AK,Alaska
-1362717.7,-1576643,285,FALSE,1,02.1,02,AK,Alaska
-1355271.3,-1572733,286,FALSE,1,02.1,02,AK,Alaska
-1354600.2,-1575688,287,FALSE,1,02.1,02,AK,Alaska
-1350730.9,-1577042,288,FALSE,1,02.1,02,AK,Alaska
-1346502.1,-1576973,289,FALSE,1,02.1,02,AK,Alaska
-1343301.0,-1575748,290,FALSE,1,02.1,02,AK,Alaska
-1338230.1,-1575141,291,FALSE,1,02.1,02,AK,Alaska
-1334150.9,-1572930,292,FALSE,1,02.1,02,AK,Alaska
-1328718.6,-1567779,293,FALSE,1,02.1,02,AK,Alaska
-1324830.4,-1561715,294,FALSE,1,02.1,02,AK,Alaska
-1320565.6,-1554348,295,FALSE,1,02.1,02,AK,Alaska
-1319059.3,-1551925,296,FALSE,1,02.1,02,AK,Alaska
-1315400.4,-1548526,297,FALSE,1,02.1,02,AK,Alaska
-1314927.9,-1551367,298,FALSE,1,02.1,02,AK,Alaska
-1311703.1,-1553140,299,FALSE,1,02.1,02,AK,Alaska
-1308232.6,-1553925,300,FALSE,1,02.1,02,AK,Alaska
-1307849.7,-1556843,301,FALSE,1,02.1,02,AK,Alaska
-1305617.4,-1556306,302,FALSE,1,02.1,02,AK,Alaska
-1301059.6,-1557224,303,FALSE,1,02.1,02,AK,Alaska
-1300104.2,-1560737,304,FALSE,1,02.1,02,AK,Alaska
-1300313.0,-1562508,305,FALSE,1,02.1,02,AK,Alaska
-1302923.0,-1565015,306,FALSE,1,02.1,02,AK,Alaska
-1303796.9,-1566795,307,FALSE,1,02.1,02,AK,Alaska
-1306669.5,-1567949,308,FALSE,1,02.1,02,AK,Alaska
-1307118.7,-1570310,309,FALSE,1,02.1,02,AK,Alaska
-1306352.4,-1573620,310,FALSE,1,02.1,02,AK,Alaska
-1303444.8,-1574611,311,FALSE,1,02.1,02,AK,Alaska
-1300577.1,-1573689,312,FALSE,1,02.1,02,AK,Alaska
-1299694.7,-1571691,313,FALSE,1,02.1,02,AK,Alaska
-1300081.0,-1568937,314,FALSE,1,02.1,02,AK,Alaska
-1297811.8,-1566127,315,FALSE,1,02.1,02,AK,Alaska
-1296254.7,-1561757,316,FALSE,1,02.1,02,AK,Alaska
-1293217.5,-1558262,317,FALSE,1,02.1,02,AK,Alaska
-1291461.4,-1559146,318,FALSE,1,02.1,02,AK,Alaska
-1286041.1,-1564879,319,FALSE,1,02.1,02,AK,Alaska
-1286439.7,-1568187,320,FALSE,1,02.1,02,AK,Alaska
-1285873.8,-1574050,321,FALSE,1,02.1,02,AK,Alaska
-1283718.4,-1573655,322,FALSE,1,02.1,02,AK,Alaska
-1281592.2,-1574020,323,FALSE,1,02.1,02,AK,Alaska
-1279096.1,-1576056,324,FALSE,1,02.1,02,AK,Alaska
-1275571.9,-1570378,325,FALSE,1,02.1,02,AK,Alaska
-1272178.8,-1570254,326,FALSE,1,02.1,02,AK,Alaska
-1268552.2,-1569646,327,FALSE,1,02.1,02,AK,Alaska
-1265749.8,-1567792,328,FALSE,1,02.1,02,AK,Alaska
-1262877.6,-1568032,329,FALSE,1,02.1,02,AK,Alaska
-1260643.6,-1569321,330,FALSE,1,02.1,02,AK,Alaska
-1257501.1,-1569138,331,FALSE,1,02.1,02,AK,Alaska
-1253319.5,-1569937,332,FALSE,1,02.1,02,AK,Alaska
-1250212.2,-1571365,333,FALSE,1,02.1,02,AK,Alaska
-1249688.2,-1572795,334,FALSE,1,02.1,02,AK,Alaska
-1251962.1,-1575589,335,FALSE,1,02.1,02,AK,Alaska
-1251929.3,-1577941,336,FALSE,1,02.1,02,AK,Alaska
-1253754.3,-1578828,337,FALSE,1,02.1,02,AK,Alaska
-1253022.0,-1582134,338,FALSE,1,02.1,02,AK,Alaska
-1250889.3,-1582670,339,FALSE,1,02.1,02,AK,Alaska
-1247503.0,-1583235,340,FALSE,1,02.1,02,AK,Alaska
-1245873.7,-1584146,341,FALSE,1,02.1,02,AK,Alaska
-1241550.8,-1584476,342,FALSE,1,02.1,02,AK,Alaska
-1242011.3,-1586763,343,FALSE,1,02.1,02,AK,Alaska
-1241929.5,-1590156,344,FALSE,1,02.1,02,AK,Alaska
-1238271.9,-1590017,345,FALSE,1,02.1,02,AK,Alaska
-1234983.9,-1591182,346,FALSE,1,02.1,02,AK,Alaska
-1233012.0,-1592228,347,FALSE,1,02.1,02,AK,Alaska
-1230788.0,-1589018,348,FALSE,1,02.1,02,AK,Alaska
-1229066.6,-1587443,349,FALSE,1,02.1,02,AK,Alaska
-1227258.9,-1587103,350,FALSE,1,02.1,02,AK,Alaska
-1223782.9,-1585740,351,FALSE,1,02.1,02,AK,Alaska
-1221497.6,-1586558,352,FALSE,1,02.1,02,AK,Alaska
-1219605.9,-1588400,353,FALSE,1,02.1,02,AK,Alaska
-1216168.0,-1586883,354,FALSE,1,02.1,02,AK,Alaska
-1213231.3,-1582868,355,FALSE,1,02.1,02,AK,Alaska
-1211231.0,-1583227,356,FALSE,1,02.1,02,AK,Alaska
-1207020.5,-1581608,357,FALSE,1,02.1,02,AK,Alaska
-1202523.8,-1582591,358,FALSE,1,02.1,02,AK,Alaska
-1198394.4,-1584941,359,FALSE,1,02.1,02,AK,Alaska
-1194357.7,-1584144,360,FALSE,1,02.1,02,AK,Alaska
-1191069.2,-1587211,361,FALSE,1,02.1,02,AK,Alaska
-1190674.3,-1589449,362,FALSE,1,02.1,02,AK,Alaska
-1188844.4,-1589613,363,FALSE,1,02.1,02,AK,Alaska
-1186769.1,-1587053,364,FALSE,1,02.1,02,AK,Alaska
-1182832.5,-1588109,365,FALSE,1,02.1,02,AK,Alaska
-1181199.6,-1588886,366,FALSE,1,02.1,02,AK,Alaska
-1179260.3,-1592274,367,FALSE,1,02.1,02,AK,Alaska
-1173875.8,-1592887,368,FALSE,1,02.1,02,AK,Alaska
-1170890.1,-1591393,369,FALSE,1,02.1,02,AK,Alaska
-1169459.7,-1593763,370,FALSE,1,02.1,02,AK,Alaska
-1166743.7,-1593662,371,FALSE,1,02.1,02,AK,Alaska
-1165332.7,-1591452,372,FALSE,1,02.1,02,AK,Alaska
-1159437.1,-1590307,373,FALSE,1,02.1,02,AK,Alaska
-1153346.5,-1590468,374,FALSE,1,02.1,02,AK,Alaska
-1151295.6,-1590992,375,FALSE,1,02.1,02,AK,Alaska
-1149158.3,-1589251,376,FALSE,1,02.1,02,AK,Alaska
-1144908.4,-1592509,377,FALSE,1,02.1,02,AK,Alaska
-1141610.9,-1594215,378,FALSE,1,02.1,02,AK,Alaska
-1137195.4,-1595559,379,FALSE,1,02.1,02,AK,Alaska
-1132698.4,-1595946,380,FALSE,1,02.1,02,AK,Alaska
-1131091.9,-1594807,381,FALSE,1,02.1,02,AK,Alaska
-1129099.1,-1595012,382,FALSE,1,02.1,02,AK,Alaska
-1126238.0,-1590874,383,FALSE,1,02.1,02,AK,Alaska
-1123519.5,-1589555,384,FALSE,1,02.1,02,AK,Alaska
-1118437.8,-1584935,385,FALSE,1,02.1,02,AK,Alaska
-1112446.9,-1582316,386,FALSE,1,02.1,02,AK,Alaska
-1110895.6,-1582620,387,FALSE,1,02.1,02,AK,Alaska
-1108894.9,-1580787,388,FALSE,1,02.1,02,AK,Alaska
-1103942.6,-1582735,389,FALSE,1,02.1,02,AK,Alaska
-1099577.9,-1583947,390,FALSE,1,02.1,02,AK,Alaska
-1094192.1,-1586847,391,FALSE,1,02.1,02,AK,Alaska
-1093035.0,-1588668,392,FALSE,1,02.1,02,AK,Alaska
-1090262.6,-1588944,393,FALSE,1,02.1,02,AK,Alaska
-1086167.3,-1590834,394,FALSE,1,02.1,02,AK,Alaska
-1080926.3,-1591872,395,FALSE,1,02.1,02,AK,Alaska
-1075505.7,-1595187,396,FALSE,1,02.1,02,AK,Alaska
-1071908.1,-1594722,397,FALSE,1,02.1,02,AK,Alaska
-1068214.4,-1595635,398,FALSE,1,02.1,02,AK,Alaska
-1055800.7,-1650999,399,FALSE,1,02.1,02,AK,Alaska
-1025438.0,-1779110,400,FALSE,1,02.1,02,AK,Alaska
-1025430.3,-1779141,401,FALSE,1,02.1,02,AK,Alaska
-976430.7,-1968214,402,FALSE,1,02.1,02,AK,Alaska
-956333.6,-2040643,403,FALSE,1,02.1,02,AK,Alaska
-955175.5,-2044737,404,FALSE,1,02.1,02,AK,Alaska
-943675.6,-2045343,405,FALSE,1,02.1,02,AK,Alaska
-943479.4,-2040772,406,FALSE,1,02.1,02,AK,Alaska
-930988.6,-2043228,407,FALSE,1,02.1,02,AK,Alaska
-926764.1,-2033700,408,FALSE,1,02.1,02,AK,Alaska
-913513.5,-2028274,409,FALSE,1,02.1,02,AK,Alaska
-912916.0,-2029841,410,FALSE,1,02.1,02,AK,Alaska
-912085.5,-2041780,411,FALSE,1,02.1,02,AK,Alaska
-907288.9,-2044968,412,FALSE,1,02.1,02,AK,Alaska
-898292.3,-2046430,413,FALSE,1,02.1,02,AK,Alaska
-895194.9,-2051520,414,FALSE,1,02.1,02,AK,Alaska
-893272.8,-2052941,415,FALSE,1,02.1,02,AK,Alaska
-863226.6,-2068812,416,FALSE,1,02.1,02,AK,Alaska
-856697.0,-2079908,417,FALSE,1,02.1,02,AK,Alaska
-856058.0,-2083777,418,FALSE,1,02.1,02,AK,Alaska
-856040.4,-2083883,419,FALSE,1,02.1,02,AK,Alaska
-854279.5,-2083078,420,FALSE,1,02.1,02,AK,Alaska
-851629.1,-2077162,421,FALSE,1,02.1,02,AK,Alaska
-844771.8,-2067322,422,FALSE,1,02.1,02,AK,Alaska
-844258.6,-2066068,423,FALSE,1,02.1,02,AK,Alaska
-838829.3,-2063607,424,FALSE,1,02.1,02,AK,Alaska
-838356.5,-2058349,425,FALSE,1,02.1,02,AK,Alaska
-838240.5,-2057042,426,FALSE,1,02.1,02,AK,Alaska
-841417.6,-2048742,427,FALSE,1,02.1,02,AK,Alaska
-838576.7,-2048387,428,FALSE,1,02.1,02,AK,Alaska
-837066.4,-2043810,429,FALSE,1,02.1,02,AK,Alaska
-837707.8,-2042258,430,FALSE,1,02.1,02,AK,Alaska
-840913.8,-2041371,431,FALSE,1,02.1,02,AK,Alaska
-838026.0,-2038076,432,FALSE,1,02.1,02,AK,Alaska
-832998.8,-2034796,433,FALSE,1,02.1,02,AK,Alaska
-829060.3,-2029682,434,FALSE,1,02.1,02,AK,Alaska
-824952.2,-2024307,435,FALSE,1,02.1,02,AK,Alaska
-817737.3,-2026801,436,FALSE,1,02.1,02,AK,Alaska
-816793.5,-2028162,437,FALSE,1,02.1,02,AK,Alaska
-813870.4,-2029134,438,FALSE,1,02.1,02,AK,Alaska
-810892.2,-2031082,439,FALSE,1,02.1,02,AK,Alaska
-809301.1,-2035173,440,FALSE,1,02.1,02,AK,Alaska
-809284.7,-2037986,441,FALSE,1,02.1,02,AK,Alaska
-807293.4,-2039322,442,FALSE,1,02.1,02,AK,Alaska
-807089.6,-2041144,443,FALSE,1,02.1,02,AK,Alaska
-807088.3,-2041155,444,FALSE,1,02.1,02,AK,Alaska
-804438.6,-2043519,445,FALSE,1,02.1,02,AK,Alaska
-798061.5,-2042573,446,FALSE,1,02.1,02,AK,Alaska
-796013.0,-2045272,447,FALSE,1,02.1,02,AK,Alaska
-792884.4,-2046773,448,FALSE,1,02.1,02,AK,Alaska
-790967.6,-2045966,449,FALSE,1,02.1,02,AK,Alaska
-787011.0,-2049260,450,FALSE,1,02.1,02,AK,Alaska
-786424.2,-2052157,451,FALSE,1,02.1,02,AK,Alaska
-784550.5,-2052037,452,FALSE,1,02.1,02,AK,Alaska
-784542.4,-2052058,453,FALSE,1,02.1,02,AK,Alaska
-783775.9,-2054055,454,FALSE,1,02.1,02,AK,Alaska
-780889.3,-2056111,455,FALSE,1,02.1,02,AK,Alaska
-769252.0,-2058024,456,FALSE,1,02.1,02,AK,Alaska
-763833.3,-2062128,457,FALSE,1,02.1,02,AK,Alaska
-753218.7,-2067066,458,FALSE,1,02.1,02,AK,Alaska
-754271.5,-2069822,459,FALSE,1,02.1,02,AK,Alaska
-749426.2,-2073832,460,FALSE,1,02.1,02,AK,Alaska
-743333.8,-2077583,461,FALSE,1,02.1,02,AK,Alaska
-743314.2,-2077595,462,FALSE,1,02.1,02,AK,Alaska
-738149.3,-2083377,463,FALSE,1,02.1,02,AK,Alaska
-730375.5,-2088310,464,FALSE,1,02.1,02,AK,Alaska
-725112.3,-2093354,465,FALSE,1,02.1,02,AK,Alaska
-720754.9,-2096941,466,FALSE,1,02.1,02,AK,Alaska
-716617.8,-2100326,467,FALSE,1,02.1,02,AK,Alaska
-709128.1,-2105257,468,FALSE,1,02.1,02,AK,Alaska
-703799.5,-2109982,469,FALSE,1,02.1,02,AK,Alaska
-704190.0,-2116707,470,FALSE,1,02.1,02,AK,Alaska
-695827.2,-2115160,471,FALSE,1,02.1,02,AK,Alaska
-694215.0,-2123097,472,FALSE,1,02.1,02,AK,Alaska
-694048.8,-2123918,473,FALSE,1,02.1,02,AK,Alaska
-686677.6,-2124207,474,FALSE,1,02.1,02,AK,Alaska
-686338.0,-2126867,475,FALSE,1,02.1,02,AK,Alaska
-681709.3,-2132899,476,FALSE,1,02.1,02,AK,Alaska
-675953.5,-2129505,477,FALSE,1,02.1,02,AK,Alaska
-671801.9,-2131063,478,FALSE,1,02.1,02,AK,Alaska
-662818.6,-2132118,479,FALSE,1,02.1,02,AK,Alaska
-660048.3,-2133014,480,FALSE,1,02.1,02,AK,Alaska
-660011.0,-2133026,481,FALSE,1,02.1,02,AK,Alaska
-652779.3,-2131390,482,FALSE,1,02.1,02,AK,Alaska
-650536.4,-2131815,483,FALSE,1,02.1,02,AK,Alaska
-646170.3,-2133749,484,FALSE,1,02.1,02,AK,Alaska
-641898.8,-2133149,485,FALSE,1,02.1,02,AK,Alaska
-638824.1,-2137047,486,FALSE,1,02.1,02,AK,Alaska
-636598.9,-2136666,487,FALSE,1,02.1,02,AK,Alaska
-633661.0,-2136825,488,FALSE,1,02.1,02,AK,Alaska
-633629.6,-2136826,489,FALSE,1,02.1,02,AK,Alaska
-630673.3,-2134229,490,FALSE,1,02.1,02,AK,Alaska
-625698.8,-2138480,491,FALSE,1,02.1,02,AK,Alaska
-624257.7,-2141987,492,FALSE,1,02.1,02,AK,Alaska
-623971.0,-2146933,493,FALSE,1,02.1,02,AK,Alaska
-624541.6,-2148159,494,FALSE,1,02.1,02,AK,Alaska
-623944.0,-2150279,495,FALSE,1,02.1,02,AK,Alaska
-623456.4,-2152010,496,FALSE,1,02.1,02,AK,Alaska
-621572.7,-2153531,497,FALSE,1,02.1,02,AK,Alaska
-619237.5,-2158848,498,FALSE,1,02.1,02,AK,Alaska
-616847.2,-2161617,499,FALSE,1,02.1,02,AK,Alaska
-614416.3,-2163795,500,FALSE,1,02.1,02,AK,Alaska
-612054.9,-2167612,501,FALSE,1,02.1,02,AK,Alaska
-610279.8,-2168696,502,FALSE,1,02.1,02,AK,Alaska
-609936.0,-2170590,503,FALSE,1,02.1,02,AK,Alaska
-610792.2,-2175200,504,FALSE,1,02.1,02,AK,Alaska
-610553.1,-2179685,505,FALSE,1,02.1,02,AK,Alaska
-610108.4,-2183837,506,FALSE,1,02.1,02,AK,Alaska
-610728.3,-2189919,507,FALSE,1,02.1,02,AK,Alaska
-612991.2,-2197151,508,FALSE,1,02.1,02,AK,Alaska
-614929.9,-2199916,509,FALSE,1,02.1,02,AK,Alaska
-613881.4,-2201539,510,FALSE,1,02.1,02,AK,Alaska
-614828.2,-2203250,511,FALSE,1,02.1,02,AK,Alaska
-616866.9,-2202260,512,FALSE,1,02.1,02,AK,Alaska
-618873.6,-2201550,513,FALSE,1,02.1,02,AK,Alaska
-619746.3,-2203030,514,FALSE,1,02.1,02,AK,Alaska
-620373.3,-2203164,515,FALSE,1,02.1,02,AK,Alaska
-622785.8,-2202289,516,FALSE,1,02.1,02,AK,Alaska
-624840.2,-2198931,517,FALSE,1,02.1,02,AK,Alaska
-626153.0,-2197007,518,FALSE,1,02.1,02,AK,Alaska
-627380.8,-2195359,519,FALSE,1,02.1,02,AK,Alaska
-628737.1,-2194860,520,FALSE,1,02.1,02,AK,Alaska
-629383.9,-2192546,521,FALSE,1,02.1,02,AK,Alaska
-630744.1,-2190708,522,FALSE,1,02.1,02,AK,Alaska
-632288.3,-2189933,523,FALSE,1,02.1,02,AK,Alaska
-634089.6,-2188364,524,FALSE,1,02.1,02,AK,Alaska
-634837.8,-2187183,525,FALSE,1,02.1,02,AK,Alaska
-636589.5,-2187712,526,FALSE,1,02.1,02,AK,Alaska
-635447.6,-2192053,527,FALSE,1,02.1,02,AK,Alaska
-634072.8,-2194928,528,FALSE,1,02.1,02,AK,Alaska
-634316.9,-2197987,529,FALSE,1,02.1,02,AK,Alaska
-633287.2,-2200169,530,FALSE,1,02.1,02,AK,Alaska
-631607.8,-2200476,531,FALSE,1,02.1,02,AK,Alaska
-631928.9,-2203539,532,FALSE,1,02.1,02,AK,Alaska
-633583.8,-2204774,533,FALSE,1,02.1,02,AK,Alaska
-636965.0,-2204384,534,FALSE,1,02.1,02,AK,Alaska
-639095.4,-2203573,535,FALSE,1,02.1,02,AK,Alaska
-641640.4,-2204774,536,FALSE,1,02.1,02,AK,Alaska
-642632.4,-2204414,537,FALSE,1,02.1,02,AK,Alaska
-643127.4,-2202700,538,FALSE,1,02.1,02,AK,Alaska
-643434.0,-2201639,539,FALSE,1,02.1,02,AK,Alaska
-645075.8,-2200732,540,FALSE,1,02.1,02,AK,Alaska
-644789.6,-2197675,541,FALSE,1,02.1,02,AK,Alaska
-645562.4,-2197040,542,FALSE,1,02.1,02,AK,Alaska
-647731.3,-2197456,543,FALSE,1,02.1,02,AK,Alaska
-649497.6,-2197792,544,FALSE,1,02.1,02,AK,Alaska
-652895.1,-2195616,545,FALSE,1,02.1,02,AK,Alaska
-655586.0,-2191954,546,FALSE,1,02.1,02,AK,Alaska
-658099.8,-2185970,547,FALSE,1,02.1,02,AK,Alaska
-658585.1,-2184257,548,FALSE,1,02.1,02,AK,Alaska
-662533.7,-2183887,549,FALSE,1,02.1,02,AK,Alaska
-667067.2,-2183199,550,FALSE,1,02.1,02,AK,Alaska
-669491.5,-2182309,551,FALSE,1,02.1,02,AK,Alaska
-670817.3,-2180449,552,FALSE,1,02.1,02,AK,Alaska
-672785.4,-2177683,553,FALSE,1,02.1,02,AK,Alaska
-674995.1,-2175441,554,FALSE,1,02.1,02,AK,Alaska
-672741.6,-2171690,555,FALSE,1,02.1,02,AK,Alaska
-672514.7,-2168114,556,FALSE,1,02.1,02,AK,Alaska
-675881.5,-2167310,557,FALSE,1,02.1,02,AK,Alaska
-678635.2,-2168310,558,FALSE,1,02.1,02,AK,Alaska
-678208.0,-2172078,559,FALSE,1,02.1,02,AK,Alaska
-680536.3,-2171708,560,FALSE,1,02.1,02,AK,Alaska
-683352.8,-2168828,561,FALSE,1,02.1,02,AK,Alaska
-686592.0,-2164355,562,FALSE,1,02.1,02,AK,Alaska
-688139.2,-2167501,563,FALSE,1,02.1,02,AK,Alaska
-692685.1,-2164718,564,FALSE,1,02.1,02,AK,Alaska
-695010.4,-2160068,565,FALSE,1,02.1,02,AK,Alaska
-698432.7,-2160502,566,FALSE,1,02.1,02,AK,Alaska
-699271.2,-2160814,567,FALSE,1,02.1,02,AK,Alaska
-700958.5,-2160190,568,FALSE,1,02.1,02,AK,Alaska
-702369.7,-2159215,569,FALSE,1,02.1,02,AK,Alaska
-704395.4,-2159088,570,FALSE,1,02.1,02,AK,Alaska
-705659.5,-2158841,571,FALSE,1,02.1,02,AK,Alaska
-705949.6,-2158142,572,FALSE,1,02.1,02,AK,Alaska
-705964.7,-2157496,573,FALSE,1,02.1,02,AK,Alaska
-705571.4,-2152911,574,FALSE,1,02.1,02,AK,Alaska
-704004.4,-2151198,575,FALSE,1,02.1,02,AK,Alaska
-701342.4,-2150446,576,FALSE,1,02.1,02,AK,Alaska
-697701.8,-2148012,577,FALSE,1,02.1,02,AK,Alaska
-696668.6,-2143925,578,FALSE,1,02.1,02,AK,Alaska
-695514.3,-2141493,579,FALSE,1,02.1,02,AK,Alaska
-698835.3,-2139034,580,FALSE,1,02.1,02,AK,Alaska
-700430.0,-2136307,581,FALSE,1,02.1,02,AK,Alaska
-700731.5,-2135812,582,FALSE,1,02.1,02,AK,Alaska
-701853.2,-2133967,583,FALSE,1,02.1,02,AK,Alaska
-709353.5,-2132082,584,FALSE,1,02.1,02,AK,Alaska
-714393.7,-2126988,585,FALSE,1,02.1,02,AK,Alaska
-716532.9,-2124976,586,FALSE,1,02.1,02,AK,Alaska
-722527.3,-2125662,587,FALSE,1,02.1,02,AK,Alaska
-725521.2,-2124289,588,FALSE,1,02.1,02,AK,Alaska
-726816.7,-2126177,589,FALSE,1,02.1,02,AK,Alaska
-731106.2,-2125592,590,FALSE,1,02.1,02,AK,Alaska
-734523.2,-2122633,591,FALSE,1,02.1,02,AK,Alaska
-734428.9,-2119211,592,FALSE,1,02.1,02,AK,Alaska
-735226.8,-2116144,593,FALSE,1,02.1,02,AK,Alaska
-738223.7,-2111838,594,FALSE,1,02.1,02,AK,Alaska
-739423.1,-2109280,595,FALSE,1,02.1,02,AK,Alaska
-742690.2,-2108140,596,FALSE,1,02.1,02,AK,Alaska
-744859.5,-2106611,597,FALSE,1,02.1,02,AK,Alaska
-746023.6,-2102359,598,FALSE,1,02.1,02,AK,Alaska
-748624.2,-2099293,599,FALSE,1,02.1,02,AK,Alaska
-748628.0,-2099288,600,FALSE,1,02.1,02,AK,Alaska
-754682.2,-2094251,601,FALSE,1,02.1,02,AK,Alaska
-761665.7,-2090508,602,FALSE,1,02.1,02,AK,Alaska
-763991.0,-2086685,603,FALSE,1,02.1,02,AK,Alaska
-766432.7,-2085222,604,FALSE,1,02.1,02,AK,Alaska
-768413.5,-2086183,605,FALSE,1,02.1,02,AK,Alaska
-771858.6,-2087058,606,FALSE,1,02.1,02,AK,Alaska
-774243.5,-2087083,607,FALSE,1,02.1,02,AK,Alaska
-778430.5,-2087801,608,FALSE,1,02.1,02,AK,Alaska
-783774.4,-2082357,609,FALSE,1,02.1,02,AK,Alaska
-789219.5,-2081130,610,FALSE,1,02.1,02,AK,Alaska
-791964.5,-2082611,611,FALSE,1,02.1,02,AK,Alaska
-792902.5,-2083116,612,FALSE,1,02.1,02,AK,Alaska
-790739.0,-2086226,613,FALSE,1,02.1,02,AK,Alaska
-789135.3,-2089022,614,FALSE,1,02.1,02,AK,Alaska
-790034.4,-2090292,615,FALSE,1,02.1,02,AK,Alaska
-788073.5,-2094419,616,FALSE,1,02.1,02,AK,Alaska
-791950.6,-2094071,617,FALSE,1,02.1,02,AK,Alaska
-793870.9,-2094549,618,FALSE,1,02.1,02,AK,Alaska
-797978.0,-2090905,619,FALSE,1,02.1,02,AK,Alaska
-798871.4,-2091484,620,FALSE,1,02.1,02,AK,Alaska
-800882.2,-2092785,621,FALSE,1,02.1,02,AK,Alaska
-803212.1,-2094046,622,FALSE,1,02.1,02,AK,Alaska
-806277.9,-2091430,623,FALSE,1,02.1,02,AK,Alaska
-810367.1,-2093935,624,FALSE,1,02.1,02,AK,Alaska
-813199.3,-2095136,625,FALSE,1,02.1,02,AK,Alaska
-814165.4,-2097528,626,FALSE,1,02.1,02,AK,Alaska
-817235.0,-2100248,627,FALSE,1,02.1,02,AK,Alaska
-820983.1,-2102381,628,FALSE,1,02.1,02,AK,Alaska
-823711.9,-2102702,629,FALSE,1,02.1,02,AK,Alaska
-823796.0,-2104792,630,FALSE,1,02.1,02,AK,Alaska
-823035.2,-2106235,631,FALSE,1,02.1,02,AK,Alaska
-823128.0,-2107720,632,FALSE,1,02.1,02,AK,Alaska
-825687.8,-2108644,633,FALSE,1,02.1,02,AK,Alaska
-826967.7,-2106273,634,FALSE,1,02.1,02,AK,Alaska
-830940.2,-2105549,635,FALSE,1,02.1,02,AK,Alaska
-833093.5,-2103527,636,FALSE,1,02.1,02,AK,Alaska
-835382.5,-2102622,637,FALSE,1,02.1,02,AK,Alaska
-837392.4,-2103745,638,FALSE,1,02.1,02,AK,Alaska
-842038.7,-2102578,639,FALSE,1,02.1,02,AK,Alaska
-845360.5,-2101768,640,FALSE,1,02.1,02,AK,Alaska
-851829.8,-2099156,641,FALSE,1,02.1,02,AK,Alaska
-854128.9,-2098945,642,FALSE,1,02.1,02,AK,Alaska
-855549.8,-2096933,643,FALSE,1,02.1,02,AK,Alaska
-860477.9,-2094275,644,FALSE,1,02.1,02,AK,Alaska
-863740.5,-2092698,645,FALSE,1,02.1,02,AK,Alaska
-863870.9,-2091884,646,FALSE,1,02.1,02,AK,Alaska
-864136.9,-2090226,647,FALSE,1,02.1,02,AK,Alaska
-865434.7,-2088484,648,FALSE,1,02.1,02,AK,Alaska
-869177.9,-2086110,649,FALSE,1,02.1,02,AK,Alaska
-873969.3,-2083903,650,FALSE,1,02.1,02,AK,Alaska
-877598.8,-2083262,651,FALSE,1,02.1,02,AK,Alaska
-884904.2,-2082666,652,FALSE,1,02.1,02,AK,Alaska
-889987.0,-2080361,653,FALSE,1,02.1,02,AK,Alaska
-893153.8,-2079389,654,FALSE,1,02.1,02,AK,Alaska
-897188.4,-2078775,655,FALSE,1,02.1,02,AK,Alaska
-902477.8,-2077975,656,FALSE,1,02.1,02,AK,Alaska
-906495.0,-2077138,657,FALSE,1,02.1,02,AK,Alaska
-912503.5,-2074988,658,FALSE,1,02.1,02,AK,Alaska
-918943.0,-2072617,659,FALSE,1,02.1,02,AK,Alaska
-917383.7,-2068051,660,FALSE,1,02.1,02,AK,Alaska
-914121.2,-2065957,661,FALSE,1,02.1,02,AK,Alaska
-915158.2,-2062840,662,FALSE,1,02.1,02,AK,Alaska
-917253.6,-2057632,663,FALSE,1,02.1,02,AK,Alaska
-921201.7,-2058344,664,FALSE,1,02.1,02,AK,Alaska
-922869.5,-2060537,665,FALSE,1,02.1,02,AK,Alaska
-926908.7,-2064305,666,FALSE,1,02.1,02,AK,Alaska
-928776.0,-2065985,667,FALSE,1,02.1,02,AK,Alaska
-929587.8,-2068766,668,FALSE,1,02.1,02,AK,Alaska
-933576.3,-2069457,669,FALSE,1,02.1,02,AK,Alaska
-942574.6,-2070851,670,FALSE,1,02.1,02,AK,Alaska
-945832.2,-2070682,671,FALSE,1,02.1,02,AK,Alaska
-951956.5,-2069387,672,FALSE,1,02.1,02,AK,Alaska
-958046.9,-2068342,673,FALSE,1,02.1,02,AK,Alaska
-960863.8,-2066348,674,FALSE,1,02.1,02,AK,Alaska
-963833.1,-2065339,675,FALSE,1,02.1,02,AK,Alaska
-967002.1,-2066304,676,FALSE,1,02.1,02,AK,Alaska
-971587.4,-2065198,677,FALSE,1,02.1,02,AK,Alaska
-975147.0,-2065534,678,FALSE,1,02.1,02,AK,Alaska
-983938.2,-2065669,679,FALSE,1,02.1,02,AK,Alaska
-991383.4,-2066622,680,FALSE,1,02.1,02,AK,Alaska
-995024.2,-2067856,681,FALSE,1,02.1,02,AK,Alaska
-998354.5,-2069921,682,FALSE,1,02.1,02,AK,Alaska
-1002719.2,-2071654,683,FALSE,1,02.1,02,AK,Alaska
-1010500.0,-2074897,684,FALSE,1,02.1,02,AK,Alaska
-1013738.6,-2077163,685,FALSE,1,02.1,02,AK,Alaska
-1015985.7,-2078987,686,FALSE,1,02.1,02,AK,Alaska
-1016060.3,-2079048,687,FALSE,1,02.1,02,AK,Alaska
-1018838.9,-2078391,688,FALSE,1,02.1,02,AK,Alaska
-1020228.6,-2077272,689,FALSE,1,02.1,02,AK,Alaska
-1022195.7,-2074838,690,FALSE,1,02.1,02,AK,Alaska
-1024128.2,-2074415,691,FALSE,1,02.1,02,AK,Alaska
-1027492.7,-2076624,692,FALSE,1,02.1,02,AK,Alaska
-1029951.9,-2074327,693,FALSE,1,02.1,02,AK,Alaska
-1033132.6,-2073573,694,FALSE,1,02.1,02,AK,Alaska
-1035677.0,-2072860,695,FALSE,1,02.1,02,AK,Alaska
-1042116.7,-2073277,696,FALSE,1,02.1,02,AK,Alaska
-1043415.0,-2070514,697,FALSE,1,02.1,02,AK,Alaska
-1046713.0,-2069690,698,FALSE,1,02.1,02,AK,Alaska
-1047525.1,-2071115,699,FALSE,1,02.1,02,AK,Alaska
-1050343.1,-2071021,700,FALSE,1,02.1,02,AK,Alaska
-1053601.5,-2069682,701,FALSE,1,02.1,02,AK,Alaska
-1056174.4,-2072079,702,FALSE,1,02.1,02,AK,Alaska
-1058891.7,-2073567,703,FALSE,1,02.1,02,AK,Alaska
-1063714.3,-2072219,704,FALSE,1,02.1,02,AK,Alaska
-1067632.8,-2071223,705,FALSE,1,02.1,02,AK,Alaska
-1069642.9,-2072840,706,FALSE,1,02.1,02,AK,Alaska
-1071928.2,-2074221,707,FALSE,1,02.1,02,AK,Alaska
-1072631.0,-2074867,708,FALSE,1,02.1,02,AK,Alaska
-1076133.4,-2076244,709,FALSE,1,02.1,02,AK,Alaska
-1078008.9,-2078335,710,FALSE,1,02.1,02,AK,Alaska
-1080116.4,-2081565,711,FALSE,1,02.1,02,AK,Alaska
-1081109.4,-2081692,712,FALSE,1,02.1,02,AK,Alaska
-1082443.7,-2080106,713,FALSE,1,02.1,02,AK,Alaska
-1087575.9,-2080643,714,FALSE,1,02.1,02,AK,Alaska
-1088823.5,-2083524,715,FALSE,1,02.1,02,AK,Alaska
-1091604.3,-2087647,716,FALSE,1,02.1,02,AK,Alaska
-1093556.9,-2091315,717,FALSE,1,02.1,02,AK,Alaska
-1095389.2,-2096402,718,FALSE,1,02.1,02,AK,Alaska
-1094044.3,-2098894,719,FALSE,1,02.1,02,AK,Alaska
-1096533.5,-2099830,720,FALSE,1,02.1,02,AK,Alaska
-1096502.2,-2102247,721,FALSE,1,02.1,02,AK,Alaska
-1094435.8,-2103301,722,FALSE,1,02.1,02,AK,Alaska
-1096764.1,-2105623,723,FALSE,1,02.1,02,AK,Alaska
-1099694.5,-2107466,724,FALSE,1,02.1,02,AK,Alaska
-1102222.6,-2109105,725,FALSE,1,02.1,02,AK,Alaska
-1104483.9,-2111207,726,FALSE,1,02.1,02,AK,Alaska
-1105878.3,-2110464,727,FALSE,1,02.1,02,AK,Alaska
-1105999.3,-2107757,728,FALSE,1,02.1,02,AK,Alaska
-1104982.4,-2105773,729,FALSE,1,02.1,02,AK,Alaska
-1108103.7,-2101918,730,FALSE,1,02.1,02,AK,Alaska
-1111344.7,-2102902,731,FALSE,1,02.1,02,AK,Alaska
-1114656.3,-2104599,732,FALSE,1,02.1,02,AK,Alaska
-1114280.2,-2102273,733,FALSE,1,02.1,02,AK,Alaska
-1116919.3,-2099843,734,FALSE,1,02.1,02,AK,Alaska
-1118430.3,-2103003,735,FALSE,1,02.1,02,AK,Alaska
-1119828.9,-2105424,736,FALSE,1,02.1,02,AK,Alaska
-1123223.1,-2107096,737,FALSE,1,02.1,02,AK,Alaska
-1123628.0,-2106773,738,FALSE,1,02.1,02,AK,Alaska
-1124723.9,-2105898,739,FALSE,1,02.1,02,AK,Alaska
-1127351.1,-2105976,740,FALSE,1,02.1,02,AK,Alaska
-1128443.4,-2107631,741,FALSE,1,02.1,02,AK,Alaska
-1130446.9,-2106516,742,FALSE,1,02.1,02,AK,Alaska
-1132642.4,-2107496,743,FALSE,1,02.1,02,AK,Alaska
-1134847.7,-2106546,744,FALSE,1,02.1,02,AK,Alaska
-1136840.8,-2108429,745,FALSE,1,02.1,02,AK,Alaska
-1137430.1,-2111944,746,FALSE,1,02.1,02,AK,Alaska
-1139567.7,-2114174,747,FALSE,1,02.1,02,AK,Alaska
-1142311.3,-2111191,748,FALSE,1,02.1,02,AK,Alaska
-1144205.4,-2114148,749,FALSE,1,02.1,02,AK,Alaska
-1144293.2,-2116953,750,FALSE,1,02.1,02,AK,Alaska
-1142034.9,-2117929,751,FALSE,1,02.1,02,AK,Alaska
-1142002.2,-2121199,752,FALSE,1,02.1,02,AK,Alaska
-1144495.4,-2120224,753,FALSE,1,02.1,02,AK,Alaska
-1146711.6,-2122018,754,FALSE,1,02.1,02,AK,Alaska
-1146490.7,-2125516,755,FALSE,1,02.1,02,AK,Alaska
-1149222.7,-2122727,756,FALSE,1,02.1,02,AK,Alaska
-1150920.6,-2123497,757,FALSE,1,02.1,02,AK,Alaska
-1152358.0,-2126869,758,FALSE,1,02.1,02,AK,Alaska
-1154828.8,-2131049,759,FALSE,1,02.1,02,AK,Alaska
-1157551.8,-2136091,760,FALSE,1,02.1,02,AK,Alaska
-1157607.9,-2138250,761,FALSE,1,02.1,02,AK,Alaska
-1158857.3,-2139733,762,FALSE,1,02.1,02,AK,Alaska
-1159031.1,-2142709,763,FALSE,1,02.1,02,AK,Alaska
-1160087.3,-2142808,764,FALSE,1,02.1,02,AK,Alaska
-1161792.6,-2139060,765,FALSE,1,02.1,02,AK,Alaska
-1162542.9,-2137435,766,FALSE,1,02.1,02,AK,Alaska
-1164374.5,-2138291,767,FALSE,1,02.1,02,AK,Alaska
-1164593.9,-2141334,768,FALSE,1,02.1,02,AK,Alaska
-1165656.7,-2145632,769,FALSE,1,02.1,02,AK,Alaska
-1166514.1,-2146447,770,FALSE,1,02.1,02,AK,Alaska
-1169159.0,-2144883,771,FALSE,1,02.1,02,AK,Alaska
-1171076.0,-2146483,772,FALSE,1,02.1,02,AK,Alaska
-1170218.9,-2148255,773,FALSE,1,02.1,02,AK,Alaska
-1171237.9,-2150187,774,FALSE,1,02.1,02,AK,Alaska
-1172554.3,-2150846,775,FALSE,1,02.1,02,AK,Alaska
-1175382.4,-2151999,776,FALSE,1,02.1,02,AK,Alaska
-1179236.4,-2152087,777,FALSE,1,02.1,02,AK,Alaska
-1180518.0,-2152132,778,FALSE,1,02.1,02,AK,Alaska
-1183684.0,-2151552,779,FALSE,1,02.1,02,AK,Alaska
-1182063.7,-2156782,780,FALSE,1,02.1,02,AK,Alaska
-1187131.4,-2159843,781,FALSE,1,02.1,02,AK,Alaska
-1192105.5,-2157759,782,FALSE,1,02.1,02,AK,Alaska
-1194013.0,-2153773,783,FALSE,1,02.1,02,AK,Alaska
-1195954.3,-2151427,784,FALSE,1,02.1,02,AK,Alaska
-1195899.3,-2148041,785,FALSE,1,02.1,02,AK,Alaska
-1194611.3,-2143986,786,FALSE,1,02.1,02,AK,Alaska
-1191578.9,-2141158,787,FALSE,1,02.1,02,AK,Alaska
-1186680.7,-2137651,788,FALSE,1,02.1,02,AK,Alaska
-1182642.3,-2134543,789,FALSE,1,02.1,02,AK,Alaska
-1180203.6,-2131266,790,FALSE,1,02.1,02,AK,Alaska
-1182780.7,-2128247,791,FALSE,1,02.1,02,AK,Alaska
-1185958.8,-2131190,792,FALSE,1,02.1,02,AK,Alaska
-1190452.1,-2131888,793,FALSE,1,02.1,02,AK,Alaska
-1193113.8,-2130256,794,FALSE,1,02.1,02,AK,Alaska
-1196489.2,-2126490,795,FALSE,1,02.1,02,AK,Alaska
-1195688.3,-2122550,796,FALSE,1,02.1,02,AK,Alaska
-1194877.5,-2118699,797,FALSE,1,02.1,02,AK,Alaska
-1194562.7,-2113973,798,FALSE,1,02.1,02,AK,Alaska
-1192605.9,-2109109,799,FALSE,1,02.1,02,AK,Alaska
-1189126.6,-2102838,800,FALSE,1,02.1,02,AK,Alaska
-1188777.9,-2098503,801,FALSE,1,02.1,02,AK,Alaska
-1188935.0,-2094665,802,FALSE,1,02.1,02,AK,Alaska
-1187654.5,-2093738,803,FALSE,1,02.1,02,AK,Alaska
-1187824.6,-2088215,804,FALSE,1,02.1,02,AK,Alaska
-1188734.9,-2085016,805,FALSE,1,02.1,02,AK,Alaska
-1190272.1,-2081496,806,FALSE,1,02.1,02,AK,Alaska
-1192115.7,-2077864,807,FALSE,1,02.1,02,AK,Alaska
-1191369.5,-2076609,808,FALSE,1,02.1,02,AK,Alaska
-1189158.4,-2074447,809,FALSE,1,02.1,02,AK,Alaska
-1184826.6,-2072921,810,FALSE,1,02.1,02,AK,Alaska
-1181533.3,-2069082,811,FALSE,1,02.1,02,AK,Alaska
-1177878.6,-2064216,812,FALSE,1,02.1,02,AK,Alaska
-1173828.7,-2060015,813,FALSE,1,02.1,02,AK,Alaska
-1171804.8,-2058257,814,FALSE,1,02.1,02,AK,Alaska
-1170385.7,-2058648,815,FALSE,1,02.1,02,AK,Alaska
-1166230.0,-2064256,816,FALSE,1,02.1,02,AK,Alaska
-1164260.5,-2064499,817,FALSE,1,02.1,02,AK,Alaska
-1161417.3,-2064614,818,FALSE,1,02.1,02,AK,Alaska
-1159968.9,-2061261,819,FALSE,1,02.1,02,AK,Alaska
-1159138.7,-2059727,820,FALSE,1,02.1,02,AK,Alaska
-1157053.5,-2057651,821,FALSE,1,02.1,02,AK,Alaska
-1156434.2,-2057034,822,FALSE,1,02.1,02,AK,Alaska
-1159459.7,-2054226,823,FALSE,1,02.1,02,AK,Alaska
-1163745.4,-2051748,824,FALSE,1,02.1,02,AK,Alaska
-1165175.2,-2051341,825,FALSE,1,02.1,02,AK,Alaska
-1169433.6,-2053234,826,FALSE,1,02.1,02,AK,Alaska
-1168861.8,-2051346,827,FALSE,1,02.1,02,AK,Alaska
-1168911.7,-2049793,828,FALSE,1,02.1,02,AK,Alaska
-1169019.9,-2046424,829,FALSE,1,02.1,02,AK,Alaska
-1173772.2,-2047886,830,FALSE,1,02.1,02,AK,Alaska
-1176383.9,-2047057,831,FALSE,1,02.1,02,AK,Alaska
-1179528.3,-2047733,832,FALSE,1,02.1,02,AK,Alaska
-1182527.4,-2050095,833,FALSE,1,02.1,02,AK,Alaska
-1184878.8,-2051366,834,FALSE,1,02.1,02,AK,Alaska
-1185542.6,-2052271,835,FALSE,1,02.1,02,AK,Alaska
-1186952.7,-2054189,836,FALSE,1,02.1,02,AK,Alaska
-1188087.5,-2058295,837,FALSE,1,02.1,02,AK,Alaska
-1188842.8,-2060299,838,FALSE,1,02.1,02,AK,Alaska
-1190705.4,-2060894,839,FALSE,1,02.1,02,AK,Alaska
-1192660.0,-2062699,840,FALSE,1,02.1,02,AK,Alaska
-1195583.5,-2063062,841,FALSE,1,02.1,02,AK,Alaska
-1197965.8,-2065700,842,FALSE,1,02.1,02,AK,Alaska
-1200275.9,-2069140,843,FALSE,1,02.1,02,AK,Alaska
-1201739.2,-2071915,844,FALSE,1,02.1,02,AK,Alaska
-1200961.5,-2074013,845,FALSE,1,02.1,02,AK,Alaska
-1198832.8,-2077705,846,FALSE,1,02.1,02,AK,Alaska
-1198978.2,-2078844,847,FALSE,1,02.1,02,AK,Alaska
-1203120.3,-2078822,848,FALSE,1,02.1,02,AK,Alaska
-1205925.5,-2082312,849,FALSE,1,02.1,02,AK,Alaska
-1207610.9,-2086711,850,FALSE,1,02.1,02,AK,Alaska
-1210197.5,-2089093,851,FALSE,1,02.1,02,AK,Alaska
-1211393.5,-2092542,852,FALSE,1,02.1,02,AK,Alaska
-1210378.1,-2095430,853,FALSE,1,02.1,02,AK,Alaska
-1208721.5,-2096261,854,FALSE,1,02.1,02,AK,Alaska
-1211666.9,-2099095,855,FALSE,1,02.1,02,AK,Alaska
-1212110.4,-2102093,856,FALSE,1,02.1,02,AK,Alaska
-1214764.0,-2104778,857,FALSE,1,02.1,02,AK,Alaska
-1215358.3,-2106645,858,FALSE,1,02.1,02,AK,Alaska
-1215231.6,-2108493,859,FALSE,1,02.1,02,AK,Alaska
-1214250.7,-2111234,860,FALSE,1,02.1,02,AK,Alaska
-1214437.2,-2114592,861,FALSE,1,02.1,02,AK,Alaska
-1216357.2,-2118915,862,FALSE,1,02.1,02,AK,Alaska
-1216570.2,-2121374,863,FALSE,1,02.1,02,AK,Alaska
-1219989.6,-2124093,864,FALSE,1,02.1,02,AK,Alaska
-1222475.9,-2124057,865,FALSE,1,02.1,02,AK,Alaska
-1223150.6,-2126727,866,FALSE,1,02.1,02,AK,Alaska
-1222866.5,-2130746,867,FALSE,1,02.1,02,AK,Alaska
-1223341.5,-2133836,868,FALSE,1,02.1,02,AK,Alaska
-1225527.1,-2135985,869,FALSE,1,02.1,02,AK,Alaska
-1227374.7,-2137313,870,FALSE,1,02.1,02,AK,Alaska
-1228933.5,-2137832,871,FALSE,1,02.1,02,AK,Alaska
-1231325.0,-2137558,872,FALSE,1,02.1,02,AK,Alaska
-1234377.8,-2138203,873,FALSE,1,02.1,02,AK,Alaska
-1234447.3,-2139901,874,FALSE,1,02.1,02,AK,Alaska
-1234799.1,-2142031,875,FALSE,1,02.1,02,AK,Alaska
-1237272.3,-2142455,876,FALSE,1,02.1,02,AK,Alaska
-1239002.5,-2143120,877,FALSE,1,02.1,02,AK,Alaska
-1237124.9,-2146987,878,FALSE,1,02.1,02,AK,Alaska
-1238067.5,-2148816,879,FALSE,1,02.1,02,AK,Alaska
-1240722.1,-2149376,880,FALSE,1,02.1,02,AK,Alaska
-1242096.8,-2150479,881,FALSE,1,02.1,02,AK,Alaska
-1243700.2,-2151689,882,FALSE,1,02.1,02,AK,Alaska
-1244157.6,-2154674,883,FALSE,1,02.1,02,AK,Alaska
-1246106.6,-2156878,884,FALSE,1,02.1,02,AK,Alaska
-1246176.6,-2160503,885,FALSE,1,02.1,02,AK,Alaska
-1246696.3,-2162801,886,FALSE,1,02.1,02,AK,Alaska
-1246625.5,-2165303,887,FALSE,1,02.1,02,AK,Alaska
-1243598.3,-2167602,888,FALSE,1,02.1,02,AK,Alaska
-1240466.6,-2167762,889,FALSE,1,02.1,02,AK,Alaska
-1237239.0,-2166979,890,FALSE,1,02.1,02,AK,Alaska
-1234935.2,-2166601,891,FALSE,1,02.1,02,AK,Alaska
-1232185.4,-2170062,892,FALSE,1,02.1,02,AK,Alaska
-1229404.1,-2170005,893,FALSE,1,02.1,02,AK,Alaska
-1227098.7,-2171998,894,FALSE,1,02.1,02,AK,Alaska
-1225185.6,-2173984,895,FALSE,1,02.1,02,AK,Alaska
-1223634.6,-2175876,896,FALSE,1,02.1,02,AK,Alaska
-1224204.3,-2176563,897,FALSE,1,02.1,02,AK,Alaska
-1225786.1,-2178465,898,FALSE,1,02.1,02,AK,Alaska
-1226115.0,-2182511,899,FALSE,1,02.1,02,AK,Alaska
-1226934.0,-2184300,900,FALSE,1,02.1,02,AK,Alaska
-1229371.5,-2185701,901,FALSE,1,02.1,02,AK,Alaska
-1230031.3,-2188174,902,FALSE,1,02.1,02,AK,Alaska
-1233178.6,-2190143,903,FALSE,1,02.1,02,AK,Alaska
-1236076.1,-2190268,904,FALSE,1,02.1,02,AK,Alaska
-1237194.7,-2192968,905,FALSE,1,02.1,02,AK,Alaska
-1237331.1,-2196230,906,FALSE,1,02.1,02,AK,Alaska
-1239015.4,-2196668,907,FALSE,1,02.1,02,AK,Alaska
-1240376.9,-2199476,908,FALSE,1,02.1,02,AK,Alaska
-1238057.2,-2201738,909,FALSE,1,02.1,02,AK,Alaska
-1239979.9,-2203886,910,FALSE,1,02.1,02,AK,Alaska
-1240284.7,-2207611,911,FALSE,1,02.1,02,AK,Alaska
-1240912.8,-2211203,912,FALSE,1,02.1,02,AK,Alaska
-1242348.0,-2215343,913,FALSE,1,02.1,02,AK,Alaska
-1244979.3,-2217730,914,FALSE,1,02.1,02,AK,Alaska
-1248107.8,-2220003,915,FALSE,1,02.1,02,AK,Alaska
-1250446.5,-2221916,916,FALSE,1,02.1,02,AK,Alaska
-1254830.5,-2223124,917,FALSE,1,02.1,02,AK,Alaska
-1257658.2,-2222162,918,FALSE,1,02.1,02,AK,Alaska
-1261153.1,-2223924,919,FALSE,1,02.1,02,AK,Alaska
-1263174.0,-2226414,920,FALSE,1,02.1,02,AK,Alaska
-1261541.4,-2228796,921,FALSE,1,02.1,02,AK,Alaska
-1262206.3,-2230841,922,FALSE,1,02.1,02,AK,Alaska
-1266294.2,-2233302,923,FALSE,1,02.1,02,AK,Alaska
-1266276.6,-2236625,924,FALSE,1,02.1,02,AK,Alaska
-1267744.7,-2238964,925,FALSE,1,02.1,02,AK,Alaska
-1271701.7,-2236963,926,FALSE,1,02.1,02,AK,Alaska
-1274297.2,-2236320,927,FALSE,1,02.1,02,AK,Alaska
-1274017.1,-2240863,928,FALSE,1,02.1,02,AK,Alaska
-1274227.7,-2242495,929,FALSE,1,02.1,02,AK,Alaska
-1276434.0,-2243837,930,FALSE,1,02.1,02,AK,Alaska
-1276252.1,-2248087,931,FALSE,1,02.1,02,AK,Alaska
-1280678.6,-2249161,932,FALSE,1,02.1,02,AK,Alaska
-1283875.0,-2249888,933,FALSE,1,02.1,02,AK,Alaska
-1282700.0,-2253588,934,FALSE,1,02.1,02,AK,Alaska
-1284593.7,-2254316,935,FALSE,1,02.1,02,AK,Alaska
-1287789.4,-2254267,936,FALSE,1,02.1,02,AK,Alaska
-1291099.1,-2256780,937,FALSE,1,02.1,02,AK,Alaska
-1290183.8,-2259997,938,FALSE,1,02.1,02,AK,Alaska
-1289957.1,-2264466,939,FALSE,1,02.1,02,AK,Alaska
-1289452.9,-2267780,940,FALSE,1,02.1,02,AK,Alaska
-1290342.4,-2269016,941,FALSE,1,02.1,02,AK,Alaska
-1291877.5,-2271144,942,FALSE,1,02.1,02,AK,Alaska
-1292551.9,-2273795,943,FALSE,1,02.1,02,AK,Alaska
-1293966.4,-2278158,944,FALSE,1,02.1,02,AK,Alaska
-1296189.6,-2277830,945,FALSE,1,02.1,02,AK,Alaska
-1297819.2,-2278283,946,FALSE,1,02.1,02,AK,Alaska
-1300485.2,-2283006,947,FALSE,1,02.1,02,AK,Alaska
-1303325.9,-2282038,948,FALSE,1,02.1,02,AK,Alaska
-1305658.9,-2283990,949,FALSE,1,02.1,02,AK,Alaska
-1306443.3,-2286387,950,FALSE,1,02.1,02,AK,Alaska
-1308928.5,-2290058,951,FALSE,1,02.1,02,AK,Alaska
-1311757.1,-2288400,952,FALSE,1,02.1,02,AK,Alaska
-1314693.0,-2289900,953,FALSE,1,02.1,02,AK,Alaska
-1317596.8,-2291303,954,FALSE,1,02.1,02,AK,Alaska
-1318235.6,-2293901,955,FALSE,1,02.1,02,AK,Alaska
-1315188.4,-2296811,956,FALSE,1,02.1,02,AK,Alaska
-1316204.7,-2298206,957,FALSE,1,02.1,02,AK,Alaska
-1318965.6,-2298121,958,FALSE,1,02.1,02,AK,Alaska
-1320671.2,-2298807,959,FALSE,1,02.1,02,AK,Alaska
-1321957.1,-2296648,960,FALSE,1,02.1,02,AK,Alaska
-1323857.6,-2295841,961,FALSE,1,02.1,02,AK,Alaska
-1326951.3,-2297386,962,FALSE,1,02.1,02,AK,Alaska
-1325445.1,-2301206,963,FALSE,1,02.1,02,AK,Alaska
-1323933.3,-2303818,964,FALSE,1,02.1,02,AK,Alaska
-1325017.8,-2306803,965,FALSE,1,02.1,02,AK,Alaska
-1327691.3,-2305898,966,FALSE,1,02.1,02,AK,Alaska
-1331579.6,-2306877,967,FALSE,1,02.1,02,AK,Alaska
-1334606.0,-2306729,968,FALSE,1,02.1,02,AK,Alaska
-1335634.2,-2306007,969,FALSE,1,02.1,02,AK,Alaska
-1337797.4,-2306791,970,FALSE,1,02.1,02,AK,Alaska
-1339347.7,-2308880,971,FALSE,1,02.1,02,AK,Alaska
-1340358.8,-2313279,972,FALSE,1,02.1,02,AK,Alaska
-1338447.4,-2313497,973,FALSE,1,02.1,02,AK,Alaska
-1335155.4,-2314397,974,FALSE,1,02.1,02,AK,Alaska
-1333018.2,-2315419,975,FALSE,1,02.1,02,AK,Alaska
-1330506.6,-2318556,976,FALSE,1,02.1,02,AK,Alaska
-1334519.0,-2321653,977,FALSE,1,02.1,02,AK,Alaska
-1336710.0,-2323711,978,FALSE,1,02.1,02,AK,Alaska
-1336990.8,-2327279,979,FALSE,1,02.1,02,AK,Alaska
-1337679.1,-2330886,980,FALSE,1,02.1,02,AK,Alaska
-1339637.4,-2331716,981,FALSE,1,02.1,02,AK,Alaska
-1342982.6,-2331064,982,FALSE,1,02.1,02,AK,Alaska
-1343244.7,-2332914,983,FALSE,1,02.1,02,AK,Alaska
-1345694.8,-2332959,984,FALSE,1,02.1,02,AK,Alaska
-1349506.7,-2333503,985,FALSE,1,02.1,02,AK,Alaska
-1354478.3,-2335496,986,FALSE,1,02.1,02,AK,Alaska
-1353970.6,-2339554,987,FALSE,1,02.1,02,AK,Alaska
-1361552.0,-2345858,988,FALSE,1,02.1,02,AK,Alaska
-1365006.9,-2347897,989,FALSE,1,02.1,02,AK,Alaska
-1365644.5,-2349720,990,FALSE,1,02.1,02,AK,Alaska
-1365882.3,-2350400,991,FALSE,1,02.1,02,AK,Alaska
-1368951.0,-2353231,992,FALSE,1,02.1,02,AK,Alaska
-1369905.1,-2353417,993,FALSE,1,02.1,02,AK,Alaska
-1370718.3,-2351125,994,FALSE,1,02.1,02,AK,Alaska
-1368733.5,-2349015,995,FALSE,1,02.1,02,AK,Alaska
-1368846.9,-2344169,996,FALSE,1,02.1,02,AK,Alaska
-1367815.7,-2341484,997,FALSE,1,02.1,02,AK,Alaska
-1369261.6,-2339698,998,FALSE,1,02.1,02,AK,Alaska
-1371627.4,-2339045,999,FALSE,1,02.1,02,AK,Alaska
-1373477.2,-2341614,1000,FALSE,1,02.1,02,AK,Alaska
-1375790.2,-2341607,1001,FALSE,1,02.1,02,AK,Alaska
-1378059.0,-2342196,1002,FALSE,1,02.1,02,AK,Alaska
-1378707.8,-2345803,1003,FALSE,1,02.1,02,AK,Alaska
-1380464.2,-2347879,1004,FALSE,1,02.1,02,AK,Alaska
-1384225.0,-2349955,1005,FALSE,1,02.1,02,AK,Alaska
-1387048.3,-2351945,1006,FALSE,1,02.1,02,AK,Alaska
-1388740.4,-2355502,1007,FALSE,1,02.1,02,AK,Alaska
-1388636.8,-2356858,1008,FALSE,1,02.1,02,AK,Alaska
-1390080.9,-2358510,1009,FALSE,1,02.1,02,AK,Alaska
-1393614.1,-2356573,1010,FALSE,1,02.1,02,AK,Alaska
-1393827.0,-2359269,1011,FALSE,1,02.1,02,AK,Alaska
-1396782.1,-2359679,1012,FALSE,1,02.1,02,AK,Alaska
-1398264.7,-2358589,1013,FALSE,1,02.1,02,AK,Alaska
-1401892.7,-2358601,1014,FALSE,1,02.1,02,AK,Alaska
-1404463.1,-2361869,1015,FALSE,1,02.1,02,AK,Alaska
-1408870.0,-2364526,1016,FALSE,1,02.1,02,AK,Alaska
-1414915.7,-2364292,1017,FALSE,1,02.1,02,AK,Alaska
-1415691.5,-2362958,1018,FALSE,1,02.1,02,AK,Alaska
-1414854.5,-2360141,1019,FALSE,1,02.1,02,AK,Alaska
-1414716.8,-2357271,1020,FALSE,1,02.1,02,AK,Alaska
-1412429.9,-2353570,1021,FALSE,1,02.1,02,AK,Alaska
-1412957.4,-2350580,1022,FALSE,1,02.1,02,AK,Alaska
-1415277.6,-2350258,1023,FALSE,1,02.1,02,AK,Alaska
-1417967.0,-2350932,1024,FALSE,1,02.1,02,AK,Alaska
-1419714.7,-2353952,1025,FALSE,1,02.1,02,AK,Alaska
-1420725.5,-2356289,1026,FALSE,1,02.1,02,AK,Alaska
-1420206.0,-2361731,1027,FALSE,1,02.1,02,AK,Alaska
-1422444.7,-2365714,1028,FALSE,1,02.1,02,AK,Alaska
-1424585.1,-2368864,1029,FALSE,1,02.1,02,AK,Alaska
-1423239.1,-2373509,1030,FALSE,1,02.1,02,AK,Alaska
-1420624.8,-2374694,1031,FALSE,1,02.1,02,AK,Alaska
-1416822.5,-2377318,1032,FALSE,1,02.1,02,AK,Alaska
-1416064.4,-2379273,1033,FALSE,1,02.1,02,AK,Alaska
-1419755.1,-2378572,1034,FALSE,1,02.1,02,AK,Alaska
-1422381.4,-2379871,1035,FALSE,1,02.1,02,AK,Alaska
-1425449.5,-2377364,1036,FALSE,1,02.1,02,AK,Alaska
-1426780.7,-2376734,1037,FALSE,1,02.1,02,AK,Alaska
-1429253.4,-2378624,1038,FALSE,1,02.1,02,AK,Alaska
-1431009.1,-2377120,1039,FALSE,1,02.1,02,AK,Alaska
-1432832.1,-2378916,1040,FALSE,1,02.1,02,AK,Alaska
-1433537.6,-2380842,1041,FALSE,1,02.1,02,AK,Alaska
-1433872.2,-2384227,1042,FALSE,1,02.1,02,AK,Alaska
-1433784.9,-2388367,1043,FALSE,1,02.1,02,AK,Alaska
-1434940.4,-2390405,1044,FALSE,1,02.1,02,AK,Alaska
-1436680.8,-2390627,1045,FALSE,1,02.1,02,AK,Alaska
-1438838.9,-2387536,1046,FALSE,1,02.1,02,AK,Alaska
-1439073.7,-2385801,1047,FALSE,1,02.1,02,AK,Alaska
-1438636.3,-2380327,1048,FALSE,1,02.1,02,AK,Alaska
-1440170.9,-2379499,1049,FALSE,1,02.1,02,AK,Alaska
-1442679.4,-2381847,1050,FALSE,1,02.1,02,AK,Alaska
-1443130.4,-2383501,1051,FALSE,1,02.1,02,AK,Alaska
-1446276.2,-2384096,1052,FALSE,1,02.1,02,AK,Alaska
-1449543.9,-2385608,1053,FALSE,1,02.1,02,AK,Alaska
-1451652.6,-2384337,1054,FALSE,1,02.1,02,AK,Alaska
-1452966.2,-2382077,1055,FALSE,1,02.1,02,AK,Alaska
-1455616.9,-2385426,1056,FALSE,1,02.1,02,AK,Alaska
-1457787.2,-2387403,1057,FALSE,1,02.1,02,AK,Alaska
-1460508.7,-2389700,1058,FALSE,1,02.1,02,AK,Alaska
-1463075.3,-2391064,1059,FALSE,1,02.1,02,AK,Alaska
-1461163.8,-2392855,1060,FALSE,1,02.1,02,AK,Alaska
-1458604.8,-2393051,1061,FALSE,1,02.1,02,AK,Alaska
-1455505.6,-2396357,1062,FALSE,1,02.1,02,AK,Alaska
-1454616.5,-2399746,1063,FALSE,1,02.1,02,AK,Alaska
-1459543.8,-2398030,1064,FALSE,1,02.1,02,AK,Alaska
-1463992.5,-2398789,1065,FALSE,1,02.1,02,AK,Alaska
-1468727.6,-2400387,1066,FALSE,1,02.1,02,AK,Alaska
-1474844.4,-2399417,1067,FALSE,1,02.1,02,AK,Alaska
-1481037.2,-2399703,1068,FALSE,1,02.1,02,AK,Alaska
-1486816.0,-2402046,1069,FALSE,1,02.1,02,AK,Alaska
-1488919.5,-2404408,1070,FALSE,1,02.1,02,AK,Alaska
-1489308.0,-2407422,1071,FALSE,1,02.1,02,AK,Alaska
-1492052.3,-2409574,1072,FALSE,1,02.1,02,AK,Alaska
-1496928.1,-2410744,1073,FALSE,1,02.1,02,AK,Alaska
-1499675.1,-2410411,1074,FALSE,1,02.1,02,AK,Alaska
-1502788.8,-2408300,1075,FALSE,1,02.1,02,AK,Alaska
-1503908.2,-2404743,1076,FALSE,1,02.1,02,AK,Alaska
-1504974.6,-2402940,1077,FALSE,1,02.1,02,AK,Alaska
-1505074.4,-2400523,1078,FALSE,1,02.1,02,AK,Alaska
-1502837.9,-2398608,1079,FALSE,1,02.1,02,AK,Alaska
-1499603.6,-2397529,1080,FALSE,1,02.1,02,AK,Alaska
-1497833.2,-2394713,1081,FALSE,1,02.1,02,AK,Alaska
-1495247.7,-2388623,1082,FALSE,1,02.1,02,AK,Alaska
-1495224.0,-2384994,1083,FALSE,1,02.1,02,AK,Alaska
-1491528.4,-2383288,1084,FALSE,1,02.1,02,AK,Alaska
-1489124.7,-2385433,1085,FALSE,1,02.1,02,AK,Alaska
-1485494.8,-2383744,1086,FALSE,1,02.1,02,AK,Alaska
-1483256.0,-2381914,1087,FALSE,1,02.1,02,AK,Alaska
-1479986.8,-2381382,1088,FALSE,1,02.1,02,AK,Alaska
-1477399.4,-2378661,1089,FALSE,1,02.1,02,AK,Alaska
-1474252.8,-2377969,1090,FALSE,1,02.1,02,AK,Alaska
-1467789.6,-2379045,1091,FALSE,1,02.1,02,AK,Alaska
-1465185.4,-2383571,1092,FALSE,1,02.1,02,AK,Alaska
-1462950.1,-2382661,1093,FALSE,1,02.1,02,AK,Alaska
-1461340.6,-2379733,1094,FALSE,1,02.1,02,AK,Alaska
-1462288.0,-2374914,1095,FALSE,1,02.1,02,AK,Alaska
-1457559.2,-2372380,1096,FALSE,1,02.1,02,AK,Alaska
-1454952.1,-2372864,1097,FALSE,1,02.1,02,AK,Alaska
-1450521.8,-2371685,1098,FALSE,1,02.1,02,AK,Alaska
-1451572.7,-2368879,1099,FALSE,1,02.1,02,AK,Alaska
-1449355.8,-2366552,1100,FALSE,1,02.1,02,AK,Alaska
-1444984.2,-2361934,1101,FALSE,1,02.1,02,AK,Alaska
-1443080.0,-2358195,1102,FALSE,1,02.1,02,AK,Alaska
-1438050.0,-2351298,1103,FALSE,1,02.1,02,AK,Alaska
-1434402.9,-2345961,1104,FALSE,1,02.1,02,AK,Alaska
-1431906.7,-2344069,1105,FALSE,1,02.1,02,AK,Alaska
-1430149.1,-2341973,1106,FALSE,1,02.1,02,AK,Alaska
-1426304.8,-2339881,1107,FALSE,1,02.1,02,AK,Alaska
-1424042.0,-2336936,1108,FALSE,1,02.1,02,AK,Alaska
-1421608.5,-2336353,1109,FALSE,1,02.1,02,AK,Alaska
-1414971.4,-2333888,1110,FALSE,1,02.1,02,AK,Alaska
-1407549.8,-2331020,1111,FALSE,1,02.1,02,AK,Alaska
-1402655.3,-2330464,1112,FALSE,1,02.1,02,AK,Alaska
-1398623.4,-2330468,1113,FALSE,1,02.1,02,AK,Alaska
-1398574.8,-2334386,1114,FALSE,1,02.1,02,AK,Alaska
-1397996.3,-2337515,1115,FALSE,1,02.1,02,AK,Alaska
-1392062.4,-2338649,1116,FALSE,1,02.1,02,AK,Alaska
-1390646.5,-2338357,1117,FALSE,1,02.1,02,AK,Alaska
-1389436.0,-2335910,1118,FALSE,1,02.1,02,AK,Alaska
-1391490.9,-2333736,1119,FALSE,1,02.1,02,AK,Alaska
-1392971.8,-2332560,1120,FALSE,1,02.1,02,AK,Alaska
-1390589.3,-2327749,1121,FALSE,1,02.1,02,AK,Alaska
-1388752.9,-2321071,1122,FALSE,1,02.1,02,AK,Alaska
-1388396.8,-2317406,1123,FALSE,1,02.1,02,AK,Alaska
-1384399.1,-2313958,1124,FALSE,1,02.1,02,AK,Alaska
-1382572.7,-2311225,1125,FALSE,1,02.1,02,AK,Alaska
-1378615.4,-2308661,1126,FALSE,1,02.1,02,AK,Alaska
-1374850.8,-2303812,1127,FALSE,1,02.1,02,AK,Alaska
-1367657.8,-2299492,1128,FALSE,1,02.1,02,AK,Alaska
-1360023.7,-2293578,1129,FALSE,1,02.1,02,AK,Alaska
-1354100.3,-2288203,1130,FALSE,1,02.1,02,AK,Alaska
-1352020.4,-2289821,1131,FALSE,1,02.1,02,AK,Alaska
-1350961.6,-2290642,1132,FALSE,1,02.1,02,AK,Alaska
-1348238.3,-2290436,1133,FALSE,1,02.1,02,AK,Alaska
-1346069.8,-2289609,1134,FALSE,1,02.1,02,AK,Alaska
-1345942.8,-2287720,1135,FALSE,1,02.1,02,AK,Alaska
-1347123.5,-2284465,1136,FALSE,1,02.1,02,AK,Alaska
-1347180.0,-2280538,1137,FALSE,1,02.1,02,AK,Alaska
-1343918.3,-2273117,1138,FALSE,1,02.1,02,AK,Alaska
-1339128.4,-2265338,1139,FALSE,1,02.1,02,AK,Alaska
-1337015.5,-2263223,1140,FALSE,1,02.1,02,AK,Alaska
-1333512.8,-2261272,1141,FALSE,1,02.1,02,AK,Alaska
-1330139.6,-2255069,1142,FALSE,1,02.1,02,AK,Alaska
-1326453.3,-2251300,1143,FALSE,1,02.1,02,AK,Alaska
-1324206.8,-2250342,1144,FALSE,1,02.1,02,AK,Alaska
-1324495.2,-2248006,1145,FALSE,1,02.1,02,AK,Alaska
-1325265.7,-2245621,1146,FALSE,1,02.1,02,AK,Alaska
-1324952.6,-2240703,1147,FALSE,1,02.1,02,AK,Alaska
-1324328.0,-2234810,1148,FALSE,1,02.1,02,AK,Alaska
-1323936.1,-2223586,1149,FALSE,1,02.1,02,AK,Alaska
-1323159.4,-2220505,1150,FALSE,1,02.1,02,AK,Alaska
-1321535.1,-2216918,1151,FALSE,1,02.1,02,AK,Alaska
-1323348.3,-2213935,1152,FALSE,1,02.1,02,AK,Alaska
-1323516.2,-2208859,1153,FALSE,1,02.1,02,AK,Alaska
-1322412.2,-2203535,1154,FALSE,1,02.1,02,AK,Alaska
-1318659.5,-2199064,1155,FALSE,1,02.1,02,AK,Alaska
-1316932.2,-2196348,1156,FALSE,1,02.1,02,AK,Alaska
-1314794.8,-2192976,1157,FALSE,1,02.1,02,AK,Alaska
-1313236.2,-2189866,1158,FALSE,1,02.1,02,AK,Alaska
-1311925.7,-2184875,1159,FALSE,1,02.1,02,AK,Alaska
-1312549.3,-2183548,1160,FALSE,1,02.1,02,AK,Alaska
-1314440.4,-2183484,1161,FALSE,1,02.1,02,AK,Alaska
-1314953.0,-2183466,1162,FALSE,1,02.1,02,AK,Alaska
-1316778.7,-2184484,1163,FALSE,1,02.1,02,AK,Alaska
-1321207.8,-2186940,1164,FALSE,1,02.1,02,AK,Alaska
-1325414.2,-2189907,1165,FALSE,1,02.1,02,AK,Alaska
-1330165.8,-2192530,1166,FALSE,1,02.1,02,AK,Alaska
-1338565.6,-2197343,1167,FALSE,1,02.1,02,AK,Alaska
-1340774.1,-2197168,1168,FALSE,1,02.1,02,AK,Alaska
-1343270.5,-2194933,1169,FALSE,1,02.1,02,AK,Alaska
-1344540.3,-2190754,1170,FALSE,1,02.1,02,AK,Alaska
-1345709.1,-2189676,1171,FALSE,1,02.1,02,AK,Alaska
-1349135.1,-2188096,1172,FALSE,1,02.1,02,AK,Alaska
-1348203.3,-2185297,1173,FALSE,1,02.1,02,AK,Alaska
-1350677.3,-2182611,1174,FALSE,1,02.1,02,AK,Alaska
-1354083.0,-2185080,1175,FALSE,1,02.1,02,AK,Alaska
-1354493.7,-2188126,1176,FALSE,1,02.1,02,AK,Alaska
-1354141.8,-2190715,1177,FALSE,1,02.1,02,AK,Alaska
-1355946.5,-2193725,1178,FALSE,1,02.1,02,AK,Alaska
-1355003.4,-2197231,1179,FALSE,1,02.1,02,AK,Alaska
-1351721.6,-2204479,1180,FALSE,1,02.1,02,AK,Alaska
-1353738.8,-2208340,1181,FALSE,1,02.1,02,AK,Alaska
-1355755.4,-2209272,1182,FALSE,1,02.1,02,AK,Alaska
-1360204.7,-2207709,1183,FALSE,1,02.1,02,AK,Alaska
-1364513.6,-2198607,1184,FALSE,1,02.1,02,AK,Alaska
-1369139.1,-2189969,1185,FALSE,1,02.1,02,AK,Alaska
-1372145.8,-2186941,1186,FALSE,1,02.1,02,AK,Alaska
-1374798.5,-2186380,1187,FALSE,1,02.1,02,AK,Alaska
-1373872.6,-2184351,1188,FALSE,1,02.1,02,AK,Alaska
-1374279.8,-2181959,1189,FALSE,1,02.1,02,AK,Alaska
-1376545.1,-2182084,1190,FALSE,1,02.1,02,AK,Alaska
-1377321.3,-2184827,1191,FALSE,1,02.1,02,AK,Alaska
-1378307.0,-2187480,1192,FALSE,1,02.1,02,AK,Alaska
-1380983.8,-2189743,1193,FALSE,1,02.1,02,AK,Alaska
-1382739.7,-2186907,1194,FALSE,1,02.1,02,AK,Alaska
-1386829.8,-2185352,1195,FALSE,1,02.1,02,AK,Alaska
-1388814.4,-2183558,1196,FALSE,1,02.1,02,AK,Alaska
-1390998.0,-2180852,1197,FALSE,1,02.1,02,AK,Alaska
-1389474.8,-2178787,1198,FALSE,1,02.1,02,AK,Alaska
-1390990.6,-2174900,1199,FALSE,1,02.1,02,AK,Alaska
-1395612.4,-2177899,1200,FALSE,1,02.1,02,AK,Alaska
-1400600.4,-2182455,1201,FALSE,1,02.1,02,AK,Alaska
-1402721.0,-2187135,1202,FALSE,1,02.1,02,AK,Alaska
-1403901.9,-2184598,1203,FALSE,1,02.1,02,AK,Alaska
-1406936.1,-2186026,1204,FALSE,1,02.1,02,AK,Alaska
-1407648.1,-2186520,1205,FALSE,1,02.1,02,AK,Alaska
-1408641.4,-2187209,1206,FALSE,1,02.1,02,AK,Alaska
-1412126.2,-2189616,1207,FALSE,1,02.1,02,AK,Alaska
-1414861.7,-2191342,1208,FALSE,1,02.1,02,AK,Alaska
-1414898.2,-2191525,1209,FALSE,1,02.1,02,AK,Alaska
-1415646.4,-2195251,1210,FALSE,1,02.1,02,AK,Alaska
-1419865.1,-2197970,1211,FALSE,1,02.1,02,AK,Alaska
-1424647.7,-2200882,1212,FALSE,1,02.1,02,AK,Alaska
-1425851.1,-2197753,1213,FALSE,1,02.1,02,AK,Alaska
-1431206.6,-2197860,1214,FALSE,1,02.1,02,AK,Alaska
-1434633.3,-2195625,1215,FALSE,1,02.1,02,AK,Alaska
-1430426.6,-2193698,1216,FALSE,1,02.1,02,AK,Alaska
-1426383.3,-2191481,1217,FALSE,1,02.1,02,AK,Alaska
-1424985.6,-2185805,1218,FALSE,1,02.1,02,AK,Alaska
-1425911.2,-2178331,1219,FALSE,1,02.1,02,AK,Alaska
-1428395.7,-2173043,1220,FALSE,1,02.1,02,AK,Alaska
-1430406.7,-2168849,1221,FALSE,1,02.1,02,AK,Alaska
-1431591.6,-2164708,1222,FALSE,1,02.1,02,AK,Alaska
-1430266.7,-2160441,1223,FALSE,1,02.1,02,AK,Alaska
-1426893.9,-2155734,1224,FALSE,1,02.1,02,AK,Alaska
-1425524.9,-2153949,1225,FALSE,1,02.1,02,AK,Alaska
-1423483.3,-2152849,1226,FALSE,1,02.1,02,AK,Alaska
-1425097.0,-2148943,1227,FALSE,1,02.1,02,AK,Alaska
-1427401.5,-2144606,1228,FALSE,1,02.1,02,AK,Alaska
-1427649.1,-2142093,1229,FALSE,1,02.1,02,AK,Alaska
-1431273.0,-2134215,1230,FALSE,1,02.1,02,AK,Alaska
-1432653.5,-2130555,1231,FALSE,1,02.1,02,AK,Alaska
-1433404.2,-2128097,1232,FALSE,1,02.1,02,AK,Alaska
-1435282.3,-2123471,1233,FALSE,1,02.1,02,AK,Alaska
-1438454.2,-2117663,1234,FALSE,1,02.1,02,AK,Alaska
-1440239.2,-2117206,1235,FALSE,1,02.1,02,AK,Alaska
-1441257.3,-2119420,1236,FALSE,1,02.1,02,AK,Alaska
-1441341.6,-2122048,1237,FALSE,1,02.1,02,AK,Alaska
-1441210.6,-2124663,1238,FALSE,1,02.1,02,AK,Alaska
-1441890.6,-2127293,1239,FALSE,1,02.1,02,AK,Alaska
-1444341.9,-2127403,1240,FALSE,1,02.1,02,AK,Alaska
-1446961.0,-2127253,1241,FALSE,1,02.1,02,AK,Alaska
-1448625.9,-2129135,1242,FALSE,1,02.1,02,AK,Alaska
-1451410.5,-2130319,1243,FALSE,1,02.1,02,AK,Alaska
-1457057.1,-2133243,1244,FALSE,1,02.1,02,AK,Alaska
-1463638.4,-2134655,1245,FALSE,1,02.1,02,AK,Alaska
-1470849.0,-2134927,1246,FALSE,1,02.1,02,AK,Alaska
-1474460.2,-2134256,1247,FALSE,1,02.1,02,AK,Alaska
-1479005.9,-2131780,1248,FALSE,1,02.1,02,AK,Alaska
-1480531.4,-2127095,1249,FALSE,1,02.1,02,AK,Alaska
-1479795.9,-2125743,1250,FALSE,1,02.1,02,AK,Alaska
-1478667.9,-2124316,1251,FALSE,1,02.1,02,AK,Alaska
-1481748.8,-2121252,1252,FALSE,1,02.1,02,AK,Alaska
-1484761.6,-2118365,1253,FALSE,1,02.1,02,AK,Alaska
-1486925.2,-2112947,1254,FALSE,1,02.1,02,AK,Alaska
-1489131.6,-2110938,1255,FALSE,1,02.1,02,AK,Alaska
-1490758.2,-2107639,1256,FALSE,1,02.1,02,AK,Alaska
-1492525.5,-2107613,1257,FALSE,1,02.1,02,AK,Alaska
-1497022.5,-2104321,1258,FALSE,1,02.1,02,AK,Alaska
-1500019.9,-2099722,1259,FALSE,1,02.1,02,AK,Alaska
-1498604.3,-2098452,1260,FALSE,1,02.1,02,AK,Alaska
-1497355.0,-2098025,1261,FALSE,1,02.1,02,AK,Alaska
-1495886.9,-2095249,1262,FALSE,1,02.1,02,AK,Alaska
-1496516.4,-2094440,1263,FALSE,1,02.1,02,AK,Alaska
-1498932.3,-2094760,1264,FALSE,1,02.1,02,AK,Alaska
-1501187.4,-2096295,1265,FALSE,1,02.1,02,AK,Alaska
-1503066.9,-2096062,1266,FALSE,1,02.1,02,AK,Alaska
-1505006.3,-2095467,1267,FALSE,1,02.1,02,AK,Alaska
-1506142.3,-2093092,1268,FALSE,1,02.1,02,AK,Alaska
-1504871.5,-2091645,1269,FALSE,1,02.1,02,AK,Alaska
-1501194.3,-2090502,1270,FALSE,1,02.1,02,AK,Alaska
-1498003.6,-2086987,1271,FALSE,1,02.1,02,AK,Alaska
-1496153.1,-2086405,1272,FALSE,1,02.1,02,AK,Alaska
-1496429.4,-2084009,1273,FALSE,1,02.1,02,AK,Alaska
-1497016.1,-2082516,1274,FALSE,1,02.1,02,AK,Alaska
-1496577.3,-2079184,1275,FALSE,1,02.1,02,AK,Alaska
-1497548.8,-2075185,1276,FALSE,1,02.1,02,AK,Alaska
-1498023.0,-2074479,1277,FALSE,1,02.1,02,AK,Alaska
-1499769.8,-2071869,1278,FALSE,1,02.1,02,AK,Alaska
-1498307.5,-2070082,1279,FALSE,1,02.1,02,AK,Alaska
-1496480.8,-2067753,1280,FALSE,1,02.1,02,AK,Alaska
-1498158.4,-2065879,1281,FALSE,1,02.1,02,AK,Alaska
-1499373.5,-2062798,1282,FALSE,1,02.1,02,AK,Alaska
-1501967.6,-2061562,1283,FALSE,1,02.1,02,AK,Alaska
-1503588.4,-2066034,1284,FALSE,1,02.1,02,AK,Alaska
-1505189.6,-2065673,1285,FALSE,1,02.1,02,AK,Alaska
-1507254.0,-2064982,1286,FALSE,1,02.1,02,AK,Alaska
-1508948.5,-2062458,1287,FALSE,1,02.1,02,AK,Alaska
-1508454.0,-2057863,1288,FALSE,1,02.1,02,AK,Alaska
-1508057.8,-2055297,1289,FALSE,1,02.1,02,AK,Alaska
-1511500.9,-2053291,1290,FALSE,1,02.1,02,AK,Alaska
-1512466.8,-2053358,1291,FALSE,1,02.1,02,AK,Alaska
-1514031.4,-2048200,1292,FALSE,1,02.1,02,AK,Alaska
-1512966.4,-2046866,1293,FALSE,1,02.1,02,AK,Alaska
-1511034.3,-2046112,1294,FALSE,1,02.1,02,AK,Alaska
-1509913.9,-2044193,1295,FALSE,1,02.1,02,AK,Alaska
-1512303.4,-2041564,1296,FALSE,1,02.1,02,AK,Alaska
-1513225.6,-2040367,1297,FALSE,1,02.1,02,AK,Alaska
-1515165.8,-2041000,1298,FALSE,1,02.1,02,AK,Alaska
-1516992.9,-2043211,1299,FALSE,1,02.1,02,AK,Alaska
-1518505.4,-2041985,1300,FALSE,1,02.1,02,AK,Alaska
-1519437.2,-2036951,1301,FALSE,1,02.1,02,AK,Alaska
-1517480.6,-2031174,1302,FALSE,1,02.1,02,AK,Alaska
-1515317.1,-2029233,1303,FALSE,1,02.1,02,AK,Alaska
-1516039.0,-2026707,1304,FALSE,1,02.1,02,AK,Alaska
-1512618.6,-2025277,1305,FALSE,1,02.1,02,AK,Alaska
-1509798.3,-2026805,1306,FALSE,1,02.1,02,AK,Alaska
-1506204.4,-2026096,1307,FALSE,1,02.1,02,AK,Alaska
-1506321.0,-2024679,1308,FALSE,1,02.1,02,AK,Alaska
-1507947.4,-2019929,1309,FALSE,1,02.1,02,AK,Alaska
-1507787.1,-2015113,1310,FALSE,1,02.1,02,AK,Alaska
-1505697.8,-2011002,1311,FALSE,1,02.1,02,AK,Alaska
-1500609.8,-2004159,1312,FALSE,1,02.1,02,AK,Alaska
-1496056.0,-1997167,1313,FALSE,1,02.1,02,AK,Alaska
-1492059.9,-1992662,1314,FALSE,1,02.1,02,AK,Alaska
-1490845.9,-1988870,1315,FALSE,1,02.1,02,AK,Alaska
-1488743.5,-1985979,1316,FALSE,1,02.1,02,AK,Alaska
-1486047.5,-1984847,1317,FALSE,1,02.1,02,AK,Alaska
-1486344.4,-1981371,1318,FALSE,1,02.1,02,AK,Alaska
-1486367.4,-1978569,1319,FALSE,1,02.1,02,AK,Alaska
-1484693.3,-1973690,1320,FALSE,1,02.1,02,AK,Alaska
-1481604.7,-1967881,1321,FALSE,1,02.1,02,AK,Alaska
-1479659.9,-1963384,1322,FALSE,1,02.1,02,AK,Alaska
-1475942.4,-1959097,1323,FALSE,1,02.1,02,AK,Alaska
-1471007.6,-1957021,1324,FALSE,1,02.1,02,AK,Alaska
-1468061.6,-1956718,1325,FALSE,1,02.1,02,AK,Alaska
-1464483.7,-1959075,1326,FALSE,1,02.1,02,AK,Alaska
-1461396.9,-1959788,1327,FALSE,1,02.1,02,AK,Alaska
-1459243.5,-1963664,1328,FALSE,1,02.1,02,AK,Alaska
-1457490.1,-1964096,1329,FALSE,1,02.1,02,AK,Alaska
-1453386.1,-1969417,1330,FALSE,1,02.1,02,AK,Alaska
-1447926.2,-1968732,1331,FALSE,1,02.1,02,AK,Alaska
-1444997.3,-1965745,1332,FALSE,1,02.1,02,AK,Alaska
-1443363.2,-1964100,1333,FALSE,1,02.1,02,AK,Alaska
-1442748.4,-1961497,1334,FALSE,1,02.1,02,AK,Alaska
-1440735.1,-1961158,1335,FALSE,1,02.1,02,AK,Alaska
-1438094.7,-1958102,1336,FALSE,1,02.1,02,AK,Alaska
-1436437.7,-1956177,1337,FALSE,1,02.1,02,AK,Alaska
-1434069.1,-1951564,1338,FALSE,1,02.1,02,AK,Alaska
-1432550.8,-1949336,1339,FALSE,1,02.1,02,AK,Alaska
-1436606.8,-1944842,1340,FALSE,1,02.1,02,AK,Alaska
-1439450.1,-1942590,1341,FALSE,1,02.1,02,AK,Alaska
-1436895.4,-1940305,1342,FALSE,1,02.1,02,AK,Alaska
-1433104.4,-1940050,1343,FALSE,1,02.1,02,AK,Alaska
-1430314.3,-1944957,1344,FALSE,1,02.1,02,AK,Alaska
-1426737.8,-1946578,1345,FALSE,1,02.1,02,AK,Alaska
-1425031.9,-1950121,1346,FALSE,1,02.1,02,AK,Alaska
-1418767.5,-1949449,1347,FALSE,1,02.1,02,AK,Alaska
-1413570.5,-1949909,1348,FALSE,1,02.1,02,AK,Alaska
-1408835.6,-1948549,1349,FALSE,1,02.1,02,AK,Alaska
-1406332.6,-1944965,1350,FALSE,1,02.1,02,AK,Alaska
-1400174.2,-1935367,1351,FALSE,1,02.1,02,AK,Alaska
-1399711.9,-1931501,1352,FALSE,1,02.1,02,AK,Alaska
-1402167.9,-1922748,1353,FALSE,1,02.1,02,AK,Alaska
-1402871.5,-1919246,1354,FALSE,1,02.1,02,AK,Alaska
-1403030.2,-1911345,1355,FALSE,1,02.1,02,AK,Alaska
-1407080.1,-1904908,1356,FALSE,1,02.1,02,AK,Alaska
-1408666.7,-1902050,1357,FALSE,1,02.1,02,AK,Alaska
-1413371.0,-1900581,1358,FALSE,1,02.1,02,AK,Alaska
-1412482.6,-1896340,1359,FALSE,1,02.1,02,AK,Alaska
-1410839.5,-1894296,1360,FALSE,1,02.1,02,AK,Alaska
-1407180.4,-1897064,1361,FALSE,1,02.1,02,AK,Alaska
-1403065.4,-1894926,1362,FALSE,1,02.1,02,AK,Alaska
-1399012.3,-1891066,1363,FALSE,1,02.1,02,AK,Alaska
-1398643.7,-1886071,1364,FALSE,1,02.1,02,AK,Alaska
-1401416.6,-1880595,1365,FALSE,1,02.1,02,AK,Alaska
-1404111.0,-1878083,1366,FALSE,1,02.1,02,AK,Alaska
-1405084.3,-1876578,1367,FALSE,1,02.1,02,AK,Alaska
-1406679.1,-1877279,1368,FALSE,1,02.1,02,AK,Alaska
-1409009.2,-1879924,1369,FALSE,1,02.1,02,AK,Alaska
-1410091.1,-1882789,1370,FALSE,1,02.1,02,AK,Alaska
-1412883.1,-1883682,1371,FALSE,1,02.1,02,AK,Alaska
-1415302.7,-1882382,1372,FALSE,1,02.1,02,AK,Alaska
-1417847.7,-1883654,1373,FALSE,1,02.1,02,AK,Alaska
-1419999.8,-1885587,1374,FALSE,1,02.1,02,AK,Alaska
-1423586.0,-1886251,1375,FALSE,1,02.1,02,AK,Alaska
-1426132.6,-1887161,1376,FALSE,1,02.1,02,AK,Alaska
-1427184.5,-1889825,1377,FALSE,1,02.1,02,AK,Alaska
-1433411.2,-1893995,1378,FALSE,1,02.1,02,AK,Alaska
-1434802.6,-1896529,1379,FALSE,1,02.1,02,AK,Alaska
-1435654.4,-1901313,1380,FALSE,1,02.1,02,AK,Alaska
-1438493.0,-1903814,1381,FALSE,1,02.1,02,AK,Alaska
-1439511.4,-1898443,1382,FALSE,1,02.1,02,AK,Alaska
-1439723.0,-1895187,1383,FALSE,1,02.1,02,AK,Alaska
-1441212.4,-1892893,1384,FALSE,1,02.1,02,AK,Alaska
-1443096.1,-1893949,1385,FALSE,1,02.1,02,AK,Alaska
-1443114.7,-1896075,1386,FALSE,1,02.1,02,AK,Alaska
-1444509.1,-1898044,1387,FALSE,1,02.1,02,AK,Alaska
-1445514.2,-1900847,1388,FALSE,1,02.1,02,AK,Alaska
-1447535.1,-1896872,1389,FALSE,1,02.1,02,AK,Alaska
-1450495.8,-1893109,1390,FALSE,1,02.1,02,AK,Alaska
-1455666.9,-1890439,1391,FALSE,1,02.1,02,AK,Alaska
-1458436.3,-1889888,1392,FALSE,1,02.1,02,AK,Alaska
-1461346.9,-1890853,1393,FALSE,1,02.1,02,AK,Alaska
-1464656.0,-1889877,1394,FALSE,1,02.1,02,AK,Alaska
-1467786.6,-1889746,1395,FALSE,1,02.1,02,AK,Alaska
-1472673.1,-1891587,1396,FALSE,1,02.1,02,AK,Alaska
-1478033.7,-1894526,1397,FALSE,1,02.1,02,AK,Alaska
-1481894.8,-1894925,1398,FALSE,1,02.1,02,AK,Alaska
-1487312.5,-1891914,1399,FALSE,1,02.1,02,AK,Alaska
-1497258.9,-1887677,1400,FALSE,1,02.1,02,AK,Alaska
-1505096.3,-1884443,1401,FALSE,1,02.1,02,AK,Alaska
-1508121.3,-1880533,1402,FALSE,1,02.1,02,AK,Alaska
-1508831.7,-1875041,1403,FALSE,1,02.1,02,AK,Alaska
-1508511.5,-1872905,1404,FALSE,1,02.1,02,AK,Alaska
-1506812.2,-1870262,1405,FALSE,1,02.1,02,AK,Alaska
-1507105.1,-1868619,1406,FALSE,1,02.1,02,AK,Alaska
-1509600.0,-1864509,1407,FALSE,1,02.1,02,AK,Alaska
-1511506.5,-1862400,1408,FALSE,1,02.1,02,AK,Alaska
-1512029.3,-1860438,1409,FALSE,1,02.1,02,AK,Alaska
-1514712.4,-1854934,1410,FALSE,1,02.1,02,AK,Alaska
-1514153.7,-1854348,1411,FALSE,1,02.1,02,AK,Alaska
-1509470.1,-1855679,1412,FALSE,1,02.1,02,AK,Alaska
-1506295.0,-1853964,1413,FALSE,1,02.1,02,AK,Alaska
-1505340.9,-1850511,1414,FALSE,1,02.1,02,AK,Alaska
-1503128.2,-1848723,1415,FALSE,1,02.1,02,AK,Alaska
-1504600.2,-1846304,1416,FALSE,1,02.1,02,AK,Alaska
-1507450.1,-1845019,1417,FALSE,1,02.1,02,AK,Alaska
-1510352.2,-1844772,1418,FALSE,1,02.1,02,AK,Alaska
-1512965.6,-1842969,1419,FALSE,1,02.1,02,AK,Alaska
-1515946.9,-1841258,1420,FALSE,1,02.1,02,AK,Alaska
-1521108.2,-1839816,1421,FALSE,1,02.1,02,AK,Alaska
-1523342.0,-1838696,1422,FALSE,1,02.1,02,AK,Alaska
-1526717.2,-1834179,1423,FALSE,1,02.1,02,AK,Alaska
-1529457.2,-1831172,1424,FALSE,1,02.1,02,AK,Alaska
-1532862.6,-1828991,1425,FALSE,1,02.1,02,AK,Alaska
-1533714.0,-1824318,1426,FALSE,1,02.1,02,AK,Alaska
-1251799.0,-2255311,1427,FALSE,2,02.2,02,AK,Alaska
-1250099.2,-2251086,1428,FALSE,2,02.2,02,AK,Alaska
-1248636.0,-2247435,1429,FALSE,2,02.2,02,AK,Alaska
-1246602.4,-2244036,1430,FALSE,2,02.2,02,AK,Alaska
-1243995.9,-2242723,1431,FALSE,2,02.2,02,AK,Alaska
-1241331.9,-2240122,1432,FALSE,2,02.2,02,AK,Alaska
-1239103.8,-2238852,1433,FALSE,2,02.2,02,AK,Alaska
-1234093.5,-2238718,1434,FALSE,2,02.2,02,AK,Alaska
-1232750.4,-2236541,1435,FALSE,2,02.2,02,AK,Alaska
-1233551.0,-2230703,1436,FALSE,2,02.2,02,AK,Alaska
-1230168.0,-2227106,1437,FALSE,2,02.2,02,AK,Alaska
-1228783.4,-2226230,1438,FALSE,2,02.2,02,AK,Alaska
-1226956.2,-2226562,1439,FALSE,2,02.2,02,AK,Alaska
-1223797.8,-2224723,1440,FALSE,2,02.2,02,AK,Alaska
-1224507.1,-2223175,1441,FALSE,2,02.2,02,AK,Alaska
-1223538.9,-2221261,1442,FALSE,2,02.2,02,AK,Alaska
-1220906.2,-2222995,1443,FALSE,2,02.2,02,AK,Alaska
-1219082.5,-2220279,1444,FALSE,2,02.2,02,AK,Alaska
-1221028.0,-2217783,1445,FALSE,2,02.2,02,AK,Alaska
-1222468.9,-2216901,1446,FALSE,2,02.2,02,AK,Alaska
-1221361.7,-2214369,1447,FALSE,2,02.2,02,AK,Alaska
-1220449.2,-2212550,1448,FALSE,2,02.2,02,AK,Alaska
-1218346.4,-2211195,1449,FALSE,2,02.2,02,AK,Alaska
-1218124.3,-2208826,1450,FALSE,2,02.2,02,AK,Alaska
-1215995.7,-2206031,1451,FALSE,2,02.2,02,AK,Alaska
-1214910.1,-2203433,1452,FALSE,2,02.2,02,AK,Alaska
-1212260.4,-2201410,1453,FALSE,2,02.2,02,AK,Alaska
-1211621.9,-2198234,1454,FALSE,2,02.2,02,AK,Alaska
-1209401.1,-2197405,1455,FALSE,2,02.2,02,AK,Alaska
-1208421.4,-2194766,1456,FALSE,2,02.2,02,AK,Alaska
-1206237.9,-2194021,1457,FALSE,2,02.2,02,AK,Alaska
-1207334.6,-2190376,1458,FALSE,2,02.2,02,AK,Alaska
-1206507.1,-2187326,1459,FALSE,2,02.2,02,AK,Alaska
-1205285.5,-2186261,1460,FALSE,2,02.2,02,AK,Alaska
-1202739.4,-2185992,1461,FALSE,2,02.2,02,AK,Alaska
-1200503.8,-2184693,1462,FALSE,2,02.2,02,AK,Alaska
-1199762.3,-2187103,1463,FALSE,2,02.2,02,AK,Alaska
-1200530.5,-2190582,1464,FALSE,2,02.2,02,AK,Alaska
-1202132.4,-2193150,1465,FALSE,2,02.2,02,AK,Alaska
-1202895.8,-2195761,1466,FALSE,2,02.2,02,AK,Alaska
-1202198.8,-2198475,1467,FALSE,2,02.2,02,AK,Alaska
-1200493.2,-2199126,1468,FALSE,2,02.2,02,AK,Alaska
-1199442.3,-2198770,1469,FALSE,2,02.2,02,AK,Alaska
-1198635.4,-2197025,1470,FALSE,2,02.2,02,AK,Alaska
-1199117.1,-2195465,1471,FALSE,2,02.2,02,AK,Alaska
-1197847.1,-2195030,1472,FALSE,2,02.2,02,AK,Alaska
-1195722.0,-2197413,1473,FALSE,2,02.2,02,AK,Alaska
-1193489.7,-2196092,1474,FALSE,2,02.2,02,AK,Alaska
-1192332.2,-2197402,1475,FALSE,2,02.2,02,AK,Alaska
-1189613.5,-2198032,1476,FALSE,2,02.2,02,AK,Alaska
-1185058.4,-2201707,1477,FALSE,2,02.2,02,AK,Alaska
-1184170.9,-2204253,1478,FALSE,2,02.2,02,AK,Alaska
-1185475.8,-2206623,1479,FALSE,2,02.2,02,AK,Alaska
-1189734.4,-2206427,1480,FALSE,2,02.2,02,AK,Alaska
-1191377.4,-2208447,1481,FALSE,2,02.2,02,AK,Alaska
-1194987.2,-2209591,1482,FALSE,2,02.2,02,AK,Alaska
-1197524.8,-2210731,1483,FALSE,2,02.2,02,AK,Alaska
-1200210.9,-2210585,1484,FALSE,2,02.2,02,AK,Alaska
-1201093.1,-2212538,1485,FALSE,2,02.2,02,AK,Alaska
-1203972.8,-2214578,1486,FALSE,2,02.2,02,AK,Alaska
-1206433.8,-2216480,1487,FALSE,2,02.2,02,AK,Alaska
-1205083.4,-2218477,1488,FALSE,2,02.2,02,AK,Alaska
-1205445.5,-2221272,1489,FALSE,2,02.2,02,AK,Alaska
-1206506.7,-2223154,1490,FALSE,2,02.2,02,AK,Alaska
-1205881.3,-2225172,1491,FALSE,2,02.2,02,AK,Alaska
-1204828.7,-2226242,1492,FALSE,2,02.2,02,AK,Alaska
-1203340.2,-2223950,1493,FALSE,2,02.2,02,AK,Alaska
-1202509.4,-2221654,1494,FALSE,2,02.2,02,AK,Alaska
-1199817.9,-2221578,1495,FALSE,2,02.2,02,AK,Alaska
-1197963.1,-2218133,1496,FALSE,2,02.2,02,AK,Alaska
-1197533.7,-2219472,1497,FALSE,2,02.2,02,AK,Alaska
-1194919.4,-2220759,1498,FALSE,2,02.2,02,AK,Alaska
-1195016.3,-2224947,1499,FALSE,2,02.2,02,AK,Alaska
-1191325.8,-2226659,1500,FALSE,2,02.2,02,AK,Alaska
-1193122.9,-2229224,1501,FALSE,2,02.2,02,AK,Alaska
-1196448.8,-2230653,1502,FALSE,2,02.2,02,AK,Alaska
-1194737.5,-2233420,1503,FALSE,2,02.2,02,AK,Alaska
-1192733.2,-2234758,1504,FALSE,2,02.2,02,AK,Alaska
-1188904.0,-2234907,1505,FALSE,2,02.2,02,AK,Alaska
-1188646.0,-2236385,1506,FALSE,2,02.2,02,AK,Alaska
-1190632.4,-2240048,1507,FALSE,2,02.2,02,AK,Alaska
-1191791.2,-2243230,1508,FALSE,2,02.2,02,AK,Alaska
-1189469.8,-2247192,1509,FALSE,2,02.2,02,AK,Alaska
-1190907.9,-2249498,1510,FALSE,2,02.2,02,AK,Alaska
-1195283.1,-2245415,1511,FALSE,2,02.2,02,AK,Alaska
-1197743.2,-2244990,1512,FALSE,2,02.2,02,AK,Alaska
-1198039.8,-2248434,1513,FALSE,2,02.2,02,AK,Alaska
-1198354.4,-2251510,1514,FALSE,2,02.2,02,AK,Alaska
-1199685.8,-2253792,1515,FALSE,2,02.2,02,AK,Alaska
-1202611.7,-2254982,1516,FALSE,2,02.2,02,AK,Alaska
-1205660.1,-2255797,1517,FALSE,2,02.2,02,AK,Alaska
-1205338.5,-2259307,1518,FALSE,2,02.2,02,AK,Alaska
-1203471.9,-2260221,1519,FALSE,2,02.2,02,AK,Alaska
-1203752.8,-2261925,1520,FALSE,2,02.2,02,AK,Alaska
-1207638.0,-2263855,1521,FALSE,2,02.2,02,AK,Alaska
-1210613.4,-2267370,1522,FALSE,2,02.2,02,AK,Alaska
-1211995.6,-2269700,1523,FALSE,2,02.2,02,AK,Alaska
-1213763.1,-2270770,1524,FALSE,2,02.2,02,AK,Alaska
-1215950.9,-2266051,1525,FALSE,2,02.2,02,AK,Alaska
-1218035.0,-2266021,1526,FALSE,2,02.2,02,AK,Alaska
-1220150.6,-2268147,1527,FALSE,2,02.2,02,AK,Alaska
-1218874.0,-2270741,1528,FALSE,2,02.2,02,AK,Alaska
-1218135.9,-2276129,1529,FALSE,2,02.2,02,AK,Alaska
-1219688.6,-2276337,1530,FALSE,2,02.2,02,AK,Alaska
-1221885.0,-2278219,1531,FALSE,2,02.2,02,AK,Alaska
-1223658.8,-2279698,1532,FALSE,2,02.2,02,AK,Alaska
-1225192.1,-2280290,1533,FALSE,2,02.2,02,AK,Alaska
-1226443.2,-2283024,1534,FALSE,2,02.2,02,AK,Alaska
-1228029.3,-2284542,1535,FALSE,2,02.2,02,AK,Alaska
-1228823.5,-2287461,1536,FALSE,2,02.2,02,AK,Alaska
-1232204.7,-2288216,1537,FALSE,2,02.2,02,AK,Alaska
-1231967.0,-2285108,1538,FALSE,2,02.2,02,AK,Alaska
-1237036.3,-2280310,1539,FALSE,2,02.2,02,AK,Alaska
-1237642.2,-2276714,1540,FALSE,2,02.2,02,AK,Alaska
-1240300.8,-2274457,1541,FALSE,2,02.2,02,AK,Alaska
-1243520.3,-2273073,1542,FALSE,2,02.2,02,AK,Alaska
-1244120.4,-2266651,1543,FALSE,2,02.2,02,AK,Alaska
-1246621.5,-2260374,1544,FALSE,2,02.2,02,AK,Alaska
-1249174.1,-2259249,1545,FALSE,2,02.2,02,AK,Alaska
-1251728.6,-2259252,1546,FALSE,2,02.2,02,AK,Alaska
-1251799.0,-2255311,1547,FALSE,2,02.2,02,AK,Alaska
-718556.0,-2186838,1548,FALSE,3,02.3,02,AK,Alaska
-716509.9,-2183588,1549,FALSE,3,02.3,02,AK,Alaska
-715700.6,-2179726,1550,FALSE,3,02.3,02,AK,Alaska
-715016.3,-2176451,1551,FALSE,3,02.3,02,AK,Alaska
-715491.3,-2174292,1552,FALSE,3,02.3,02,AK,Alaska
-718003.1,-2170288,1553,FALSE,3,02.3,02,AK,Alaska
-718763.2,-2167470,1554,FALSE,3,02.3,02,AK,Alaska
-719630.6,-2165392,1555,FALSE,3,02.3,02,AK,Alaska
-718341.3,-2163430,1556,FALSE,3,02.3,02,AK,Alaska
-714022.7,-2162585,1557,FALSE,3,02.3,02,AK,Alaska
-708737.9,-2160137,1558,FALSE,3,02.3,02,AK,Alaska
-707453.4,-2160538,1559,FALSE,3,02.3,02,AK,Alaska
-704206.8,-2162734,1560,FALSE,3,02.3,02,AK,Alaska
-703135.1,-2162663,1561,FALSE,3,02.3,02,AK,Alaska
-701096.0,-2162526,1562,FALSE,3,02.3,02,AK,Alaska
-698181.9,-2163965,1563,FALSE,3,02.3,02,AK,Alaska
-695528.4,-2166483,1564,FALSE,3,02.3,02,AK,Alaska
-696950.0,-2167366,1565,FALSE,3,02.3,02,AK,Alaska
-695140.4,-2169077,1566,FALSE,3,02.3,02,AK,Alaska
-694043.6,-2170113,1567,FALSE,3,02.3,02,AK,Alaska
-686521.2,-2172742,1568,FALSE,3,02.3,02,AK,Alaska
-680366.2,-2176887,1569,FALSE,3,02.3,02,AK,Alaska
-677993.4,-2181662,1570,FALSE,3,02.3,02,AK,Alaska
-675882.8,-2181131,1571,FALSE,3,02.3,02,AK,Alaska
-671600.0,-2185333,1572,FALSE,3,02.3,02,AK,Alaska
-665869.8,-2187679,1573,FALSE,3,02.3,02,AK,Alaska
-667822.6,-2190885,1574,FALSE,3,02.3,02,AK,Alaska
-662015.0,-2195082,1575,FALSE,3,02.3,02,AK,Alaska
-659564.5,-2194635,1576,FALSE,3,02.3,02,AK,Alaska
-656177.1,-2198151,1577,FALSE,3,02.3,02,AK,Alaska
-655841.1,-2202152,1578,FALSE,3,02.3,02,AK,Alaska
-653215.5,-2205078,1579,FALSE,3,02.3,02,AK,Alaska
-650510.4,-2210883,1580,FALSE,3,02.3,02,AK,Alaska
-647690.8,-2215346,1581,FALSE,3,02.3,02,AK,Alaska
-647500.0,-2218490,1582,FALSE,3,02.3,02,AK,Alaska
-647612.2,-2220224,1583,FALSE,3,02.3,02,AK,Alaska
-650818.4,-2222148,1584,FALSE,3,02.3,02,AK,Alaska
-653016.7,-2221500,1585,FALSE,3,02.3,02,AK,Alaska
-654859.1,-2222728,1586,FALSE,3,02.3,02,AK,Alaska
-656969.0,-2221959,1587,FALSE,3,02.3,02,AK,Alaska
-658568.3,-2220897,1588,FALSE,3,02.3,02,AK,Alaska
-661120.5,-2222284,1589,FALSE,3,02.3,02,AK,Alaska
-663766.5,-2225052,1590,FALSE,3,02.3,02,AK,Alaska
-663054.1,-2228994,1591,FALSE,3,02.3,02,AK,Alaska
-664981.6,-2229972,1592,FALSE,3,02.3,02,AK,Alaska
-668345.2,-2230066,1593,FALSE,3,02.3,02,AK,Alaska
-669686.9,-2227790,1594,FALSE,3,02.3,02,AK,Alaska
-671309.3,-2226942,1595,FALSE,3,02.3,02,AK,Alaska
-673847.0,-2226069,1596,FALSE,3,02.3,02,AK,Alaska
-678489.8,-2222895,1597,FALSE,3,02.3,02,AK,Alaska
-681267.7,-2221033,1598,FALSE,3,02.3,02,AK,Alaska
-683202.3,-2218858,1599,FALSE,3,02.3,02,AK,Alaska
-685407.1,-2216670,1600,FALSE,3,02.3,02,AK,Alaska
-685679.6,-2214385,1601,FALSE,3,02.3,02,AK,Alaska
-687333.1,-2211785,1602,FALSE,3,02.3,02,AK,Alaska
-688912.1,-2211516,1603,FALSE,3,02.3,02,AK,Alaska
-690146.4,-2212698,1604,FALSE,3,02.3,02,AK,Alaska
-691886.5,-2212988,1605,FALSE,3,02.3,02,AK,Alaska
-694185.6,-2212271,1606,FALSE,3,02.3,02,AK,Alaska
-694763.4,-2210685,1607,FALSE,3,02.3,02,AK,Alaska
-698205.7,-2210776,1608,FALSE,3,02.3,02,AK,Alaska
-696687.1,-2214988,1609,FALSE,3,02.3,02,AK,Alaska
-698487.3,-2215019,1610,FALSE,3,02.3,02,AK,Alaska
-700668.2,-2212123,1611,FALSE,3,02.3,02,AK,Alaska
-700370.2,-2208913,1612,FALSE,3,02.3,02,AK,Alaska
-701387.2,-2206408,1613,FALSE,3,02.3,02,AK,Alaska
-703781.0,-2205396,1614,FALSE,3,02.3,02,AK,Alaska
-706077.6,-2206257,1615,FALSE,3,02.3,02,AK,Alaska
-706864.0,-2201942,1616,FALSE,3,02.3,02,AK,Alaska
-707215.1,-2199460,1617,FALSE,3,02.3,02,AK,Alaska
-708224.1,-2196288,1618,FALSE,3,02.3,02,AK,Alaska
-707769.3,-2192365,1619,FALSE,3,02.3,02,AK,Alaska
-710263.5,-2190453,1620,FALSE,3,02.3,02,AK,Alaska
-711257.2,-2188075,1621,FALSE,3,02.3,02,AK,Alaska
-715379.7,-2189302,1622,FALSE,3,02.3,02,AK,Alaska
-717039.0,-2189422,1623,FALSE,3,02.3,02,AK,Alaska
-718556.0,-2186838,1624,FALSE,3,02.3,02,AK,Alaska
-819355.2,-2115947,1625,FALSE,4,02.4,02,AK,Alaska
-819779.5,-2113010,1626,FALSE,4,02.4,02,AK,Alaska
-817970.6,-2111238,1627,FALSE,4,02.4,02,AK,Alaska
-816703.9,-2108847,1628,FALSE,4,02.4,02,AK,Alaska
-818973.7,-2104242,1629,FALSE,4,02.4,02,AK,Alaska
-816724.8,-2103382,1630,FALSE,4,02.4,02,AK,Alaska
-814321.4,-2101711,1631,FALSE,4,02.4,02,AK,Alaska
-811225.3,-2099848,1632,FALSE,4,02.4,02,AK,Alaska
-807328.0,-2099171,1633,FALSE,4,02.4,02,AK,Alaska
-805626.0,-2097048,1634,FALSE,4,02.4,02,AK,Alaska
-803031.6,-2098912,1635,FALSE,4,02.4,02,AK,Alaska
-796973.7,-2099788,1636,FALSE,4,02.4,02,AK,Alaska
-790569.3,-2100972,1637,FALSE,4,02.4,02,AK,Alaska
-786557.0,-2099764,1638,FALSE,4,02.4,02,AK,Alaska
-781984.2,-2100584,1639,FALSE,4,02.4,02,AK,Alaska
-779342.2,-2105630,1640,FALSE,4,02.4,02,AK,Alaska
-780486.2,-2108125,1641,FALSE,4,02.4,02,AK,Alaska
-777334.8,-2112314,1642,FALSE,4,02.4,02,AK,Alaska
-776794.3,-2113030,1643,FALSE,4,02.4,02,AK,Alaska
-769320.7,-2123982,1644,FALSE,4,02.4,02,AK,Alaska
-767002.3,-2129853,1645,FALSE,4,02.4,02,AK,Alaska
-765731.8,-2135069,1646,FALSE,4,02.4,02,AK,Alaska
-757667.7,-2147131,1647,FALSE,4,02.4,02,AK,Alaska
-755276.1,-2150129,1648,FALSE,4,02.4,02,AK,Alaska
-752730.6,-2154195,1649,FALSE,4,02.4,02,AK,Alaska
-750163.0,-2158197,1650,FALSE,4,02.4,02,AK,Alaska
-748492.7,-2161362,1651,FALSE,4,02.4,02,AK,Alaska
-747205.4,-2165289,1652,FALSE,4,02.4,02,AK,Alaska
-747680.3,-2167091,1653,FALSE,4,02.4,02,AK,Alaska
-745545.1,-2170396,1654,FALSE,4,02.4,02,AK,Alaska
-743511.9,-2174902,1655,FALSE,4,02.4,02,AK,Alaska
-742025.9,-2178532,1656,FALSE,4,02.4,02,AK,Alaska
-741230.3,-2181813,1657,FALSE,4,02.4,02,AK,Alaska
-741132.1,-2183461,1658,FALSE,4,02.4,02,AK,Alaska
-744108.3,-2182408,1659,FALSE,4,02.4,02,AK,Alaska
-745879.9,-2181309,1660,FALSE,4,02.4,02,AK,Alaska
-747781.1,-2178664,1661,FALSE,4,02.4,02,AK,Alaska
-750574.0,-2177112,1662,FALSE,4,02.4,02,AK,Alaska
-753463.9,-2174226,1663,FALSE,4,02.4,02,AK,Alaska
-757110.5,-2170832,1664,FALSE,4,02.4,02,AK,Alaska
-760019.1,-2168130,1665,FALSE,4,02.4,02,AK,Alaska
-762647.1,-2165217,1666,FALSE,4,02.4,02,AK,Alaska
-763377.7,-2166196,1667,FALSE,4,02.4,02,AK,Alaska
-766625.9,-2164291,1668,FALSE,4,02.4,02,AK,Alaska
-768581.1,-2163377,1669,FALSE,4,02.4,02,AK,Alaska
-771322.2,-2163843,1670,FALSE,4,02.4,02,AK,Alaska
-774577.4,-2161461,1671,FALSE,4,02.4,02,AK,Alaska
-773974.2,-2159887,1672,FALSE,4,02.4,02,AK,Alaska
-773710.7,-2158427,1673,FALSE,4,02.4,02,AK,Alaska
-773808.3,-2155734,1674,FALSE,4,02.4,02,AK,Alaska
-773107.2,-2151239,1675,FALSE,4,02.4,02,AK,Alaska
-776476.6,-2150008,1676,FALSE,4,02.4,02,AK,Alaska
-779811.8,-2149491,1677,FALSE,4,02.4,02,AK,Alaska
-779527.4,-2152573,1678,FALSE,4,02.4,02,AK,Alaska
-779654.3,-2154547,1679,FALSE,4,02.4,02,AK,Alaska
-783781.0,-2157357,1680,FALSE,4,02.4,02,AK,Alaska
-784623.8,-2157349,1681,FALSE,4,02.4,02,AK,Alaska
-785910.6,-2153182,1682,FALSE,4,02.4,02,AK,Alaska
-784496.8,-2150446,1683,FALSE,4,02.4,02,AK,Alaska
-785229.9,-2148440,1684,FALSE,4,02.4,02,AK,Alaska
-787159.0,-2149045,1685,FALSE,4,02.4,02,AK,Alaska
-788968.7,-2147063,1686,FALSE,4,02.4,02,AK,Alaska
-789259.2,-2143957,1687,FALSE,4,02.4,02,AK,Alaska
-790436.6,-2142341,1688,FALSE,4,02.4,02,AK,Alaska
-792767.1,-2138667,1689,FALSE,4,02.4,02,AK,Alaska
-794877.0,-2136819,1690,FALSE,4,02.4,02,AK,Alaska
-798285.7,-2135271,1691,FALSE,4,02.4,02,AK,Alaska
-799964.9,-2133736,1692,FALSE,4,02.4,02,AK,Alaska
-801791.9,-2134282,1693,FALSE,4,02.4,02,AK,Alaska
-804724.1,-2131885,1694,FALSE,4,02.4,02,AK,Alaska
-806040.4,-2129280,1695,FALSE,4,02.4,02,AK,Alaska
-808793.3,-2125793,1696,FALSE,4,02.4,02,AK,Alaska
-811422.3,-2123586,1697,FALSE,4,02.4,02,AK,Alaska
-811437.6,-2123573,1698,FALSE,4,02.4,02,AK,Alaska
-813825.3,-2123389,1699,FALSE,4,02.4,02,AK,Alaska
-815148.4,-2121651,1700,FALSE,4,02.4,02,AK,Alaska
-817746.7,-2121063,1701,FALSE,4,02.4,02,AK,Alaska
-819355.2,-2115947,1702,FALSE,4,02.4,02,AK,Alaska
-747402.1,-2148691,1703,FALSE,5,02.5,02,AK,Alaska
-745826.2,-2144171,1704,FALSE,5,02.5,02,AK,Alaska
-743970.9,-2143467,1705,FALSE,5,02.5,02,AK,Alaska
-743304.6,-2141917,1706,FALSE,5,02.5,02,AK,Alaska
-740312.5,-2142432,1707,FALSE,5,02.5,02,AK,Alaska
-737990.0,-2145255,1708,FALSE,5,02.5,02,AK,Alaska
-735607.1,-2146683,1709,FALSE,5,02.5,02,AK,Alaska
-734619.4,-2144069,1710,FALSE,5,02.5,02,AK,Alaska
-738050.4,-2139360,1711,FALSE,5,02.5,02,AK,Alaska
-742347.7,-2137609,1712,FALSE,5,02.5,02,AK,Alaska
-742249.4,-2135122,1713,FALSE,5,02.5,02,AK,Alaska
-739836.1,-2132809,1714,FALSE,5,02.5,02,AK,Alaska
-735852.2,-2132419,1715,FALSE,5,02.5,02,AK,Alaska
-730427.4,-2131801,1716,FALSE,5,02.5,02,AK,Alaska
-724973.6,-2131303,1717,FALSE,5,02.5,02,AK,Alaska
-724591.9,-2131118,1718,FALSE,5,02.5,02,AK,Alaska
-719630.8,-2128700,1719,FALSE,5,02.5,02,AK,Alaska
-715206.8,-2130917,1720,FALSE,5,02.5,02,AK,Alaska
-710946.0,-2135664,1721,FALSE,5,02.5,02,AK,Alaska
-707904.8,-2135707,1722,FALSE,5,02.5,02,AK,Alaska
-705399.7,-2137976,1723,FALSE,5,02.5,02,AK,Alaska
-701422.5,-2139002,1724,FALSE,5,02.5,02,AK,Alaska
-700030.5,-2141658,1725,FALSE,5,02.5,02,AK,Alaska
-700325.6,-2144880,1726,FALSE,5,02.5,02,AK,Alaska
-702808.6,-2148069,1727,FALSE,5,02.5,02,AK,Alaska
-706139.3,-2148700,1728,FALSE,5,02.5,02,AK,Alaska
-708650.6,-2150062,1729,FALSE,5,02.5,02,AK,Alaska
-710778.2,-2154506,1730,FALSE,5,02.5,02,AK,Alaska
-713730.2,-2155411,1731,FALSE,5,02.5,02,AK,Alaska
-716357.8,-2156920,1732,FALSE,5,02.5,02,AK,Alaska
-717394.2,-2157513,1733,FALSE,5,02.5,02,AK,Alaska
-721825.3,-2160145,1734,FALSE,5,02.5,02,AK,Alaska
-724834.5,-2164224,1735,FALSE,5,02.5,02,AK,Alaska
-723771.7,-2167625,1736,FALSE,5,02.5,02,AK,Alaska
-723943.3,-2170070,1737,FALSE,5,02.5,02,AK,Alaska
-723044.7,-2172513,1738,FALSE,5,02.5,02,AK,Alaska
-723687.6,-2175123,1739,FALSE,5,02.5,02,AK,Alaska
-722691.1,-2176523,1740,FALSE,5,02.5,02,AK,Alaska
-722440.2,-2179356,1741,FALSE,5,02.5,02,AK,Alaska
-723770.2,-2180117,1742,FALSE,5,02.5,02,AK,Alaska
-725577.8,-2180551,1743,FALSE,5,02.5,02,AK,Alaska
-725173.4,-2183878,1744,FALSE,5,02.5,02,AK,Alaska
-723767.3,-2185724,1745,FALSE,5,02.5,02,AK,Alaska
-722886.3,-2189081,1746,FALSE,5,02.5,02,AK,Alaska
-724357.5,-2191773,1747,FALSE,5,02.5,02,AK,Alaska
-724888.1,-2193736,1748,FALSE,5,02.5,02,AK,Alaska
-725655.6,-2195813,1749,FALSE,5,02.5,02,AK,Alaska
-727102.3,-2194614,1750,FALSE,5,02.5,02,AK,Alaska
-729395.3,-2191192,1751,FALSE,5,02.5,02,AK,Alaska
-727329.8,-2190411,1752,FALSE,5,02.5,02,AK,Alaska
-727220.2,-2184494,1753,FALSE,5,02.5,02,AK,Alaska
-730495.1,-2180585,1754,FALSE,5,02.5,02,AK,Alaska
-733312.0,-2175339,1755,FALSE,5,02.5,02,AK,Alaska
-735142.0,-2171774,1756,FALSE,5,02.5,02,AK,Alaska
-735031.5,-2168501,1757,FALSE,5,02.5,02,AK,Alaska
-736162.3,-2166371,1758,FALSE,5,02.5,02,AK,Alaska
-736499.3,-2161863,1759,FALSE,5,02.5,02,AK,Alaska
-738013.5,-2161207,1760,FALSE,5,02.5,02,AK,Alaska
-739865.6,-2162073,1761,FALSE,5,02.5,02,AK,Alaska
-740646.9,-2158872,1762,FALSE,5,02.5,02,AK,Alaska
-743347.5,-2157451,1763,FALSE,5,02.5,02,AK,Alaska
-747227.0,-2150870,1764,FALSE,5,02.5,02,AK,Alaska
-747402.1,-2148691,1765,FALSE,5,02.5,02,AK,Alaska
-788796.7,-2083826,1766,FALSE,6,02.6,02,AK,Alaska
-785777.6,-2085040,1767,FALSE,6,02.6,02,AK,Alaska
-782792.0,-2087427,1768,FALSE,6,02.6,02,AK,Alaska
-780599.3,-2089414,1769,FALSE,6,02.6,02,AK,Alaska
-779919.7,-2090364,1770,FALSE,6,02.6,02,AK,Alaska
-778450.0,-2092416,1771,FALSE,6,02.6,02,AK,Alaska
-776540.4,-2091058,1772,FALSE,6,02.6,02,AK,Alaska
-772932.7,-2090172,1773,FALSE,6,02.6,02,AK,Alaska
-769456.2,-2089977,1774,FALSE,6,02.6,02,AK,Alaska
-767944.5,-2088796,1775,FALSE,6,02.6,02,AK,Alaska
-767894.3,-2088798,1776,FALSE,6,02.6,02,AK,Alaska
-765704.2,-2088871,1777,FALSE,6,02.6,02,AK,Alaska
-765038.9,-2091160,1778,FALSE,6,02.6,02,AK,Alaska
-763427.8,-2092080,1779,FALSE,6,02.6,02,AK,Alaska
-761322.7,-2093883,1780,FALSE,6,02.6,02,AK,Alaska
-757783.5,-2096725,1781,FALSE,6,02.6,02,AK,Alaska
-753580.9,-2100657,1782,FALSE,6,02.6,02,AK,Alaska
-751111.3,-2106130,1783,FALSE,6,02.6,02,AK,Alaska
-747628.0,-2108680,1784,FALSE,6,02.6,02,AK,Alaska
-747067.9,-2110654,1785,FALSE,6,02.6,02,AK,Alaska
-746740.6,-2115045,1786,FALSE,6,02.6,02,AK,Alaska
-744441.7,-2120292,1787,FALSE,6,02.6,02,AK,Alaska
-741492.7,-2122022,1788,FALSE,6,02.6,02,AK,Alaska
-742005.3,-2124429,1789,FALSE,6,02.6,02,AK,Alaska
-742755.7,-2124948,1790,FALSE,6,02.6,02,AK,Alaska
-745948.0,-2124459,1791,FALSE,6,02.6,02,AK,Alaska
-747998.8,-2127328,1792,FALSE,6,02.6,02,AK,Alaska
-748674.2,-2132004,1793,FALSE,6,02.6,02,AK,Alaska
-750343.1,-2135330,1794,FALSE,6,02.6,02,AK,Alaska
-751726.8,-2137090,1795,FALSE,6,02.6,02,AK,Alaska
-751394.6,-2138430,1796,FALSE,6,02.6,02,AK,Alaska
-752292.7,-2140169,1797,FALSE,6,02.6,02,AK,Alaska
-752991.5,-2142142,1798,FALSE,6,02.6,02,AK,Alaska
-754462.9,-2143177,1799,FALSE,6,02.6,02,AK,Alaska
-757684.6,-2139939,1800,FALSE,6,02.6,02,AK,Alaska
-760212.6,-2134047,1801,FALSE,6,02.6,02,AK,Alaska
-761309.4,-2125523,1802,FALSE,6,02.6,02,AK,Alaska
-764470.3,-2121213,1803,FALSE,6,02.6,02,AK,Alaska
-769677.2,-2114200,1804,FALSE,6,02.6,02,AK,Alaska
-771730.3,-2109974,1805,FALSE,6,02.6,02,AK,Alaska
-775620.3,-2103138,1806,FALSE,6,02.6,02,AK,Alaska
-778945.1,-2096871,1807,FALSE,6,02.6,02,AK,Alaska
-782575.1,-2093151,1808,FALSE,6,02.6,02,AK,Alaska
-787278.4,-2087558,1809,FALSE,6,02.6,02,AK,Alaska
-788796.7,-2083826,1810,FALSE,6,02.6,02,AK,Alaska
-1621769.3,-1916804,1811,FALSE,7,02.7,02,AK,Alaska
-1620374.6,-1914169,1812,FALSE,7,02.7,02,AK,Alaska
-1619702.1,-1909242,1813,FALSE,7,02.7,02,AK,Alaska
-1617927.3,-1906119,1814,FALSE,7,02.7,02,AK,Alaska
-1615374.0,-1906596,1815,FALSE,7,02.7,02,AK,Alaska
-1615422.7,-1910271,1816,FALSE,7,02.7,02,AK,Alaska
-1615281.4,-1912917,1817,FALSE,7,02.7,02,AK,Alaska
-1610917.9,-1916291,1818,FALSE,7,02.7,02,AK,Alaska
-1604319.7,-1920430,1819,FALSE,7,02.7,02,AK,Alaska
-1602364.4,-1919930,1820,FALSE,7,02.7,02,AK,Alaska
-1596673.7,-1916630,1821,FALSE,7,02.7,02,AK,Alaska
-1594154.1,-1915887,1822,FALSE,7,02.7,02,AK,Alaska
-1591359.7,-1916592,1823,FALSE,7,02.7,02,AK,Alaska
-1589989.5,-1917840,1824,FALSE,7,02.7,02,AK,Alaska
-1588604.9,-1920770,1825,FALSE,7,02.7,02,AK,Alaska
-1587118.7,-1921740,1826,FALSE,7,02.7,02,AK,Alaska
-1586788.7,-1925740,1827,FALSE,7,02.7,02,AK,Alaska
-1586470.7,-1929094,1828,FALSE,7,02.7,02,AK,Alaska
-1583737.2,-1931387,1829,FALSE,7,02.7,02,AK,Alaska
-1579841.0,-1932765,1830,FALSE,7,02.7,02,AK,Alaska
-1578362.1,-1935209,1831,FALSE,7,02.7,02,AK,Alaska
-1576502.3,-1937040,1832,FALSE,7,02.7,02,AK,Alaska
-1569153.9,-1939399,1833,FALSE,7,02.7,02,AK,Alaska
-1566191.6,-1940297,1834,FALSE,7,02.7,02,AK,Alaska
-1561394.1,-1943082,1835,FALSE,7,02.7,02,AK,Alaska
-1563266.3,-1946869,1836,FALSE,7,02.7,02,AK,Alaska
-1565522.4,-1949837,1837,FALSE,7,02.7,02,AK,Alaska
-1567600.4,-1950324,1838,FALSE,7,02.7,02,AK,Alaska
-1570056.9,-1947794,1839,FALSE,7,02.7,02,AK,Alaska
-1573219.4,-1947478,1840,FALSE,7,02.7,02,AK,Alaska
-1577800.4,-1949758,1841,FALSE,7,02.7,02,AK,Alaska
-1580067.5,-1951398,1842,FALSE,7,02.7,02,AK,Alaska
-1581262.7,-1953660,1843,FALSE,7,02.7,02,AK,Alaska
-1581450.2,-1956258,1844,FALSE,7,02.7,02,AK,Alaska
-1583162.1,-1958005,1845,FALSE,7,02.7,02,AK,Alaska
-1585401.9,-1956398,1846,FALSE,7,02.7,02,AK,Alaska
-1585411.2,-1952039,1847,FALSE,7,02.7,02,AK,Alaska
-1586803.6,-1948470,1848,FALSE,7,02.7,02,AK,Alaska
-1589742.8,-1944873,1849,FALSE,7,02.7,02,AK,Alaska
-1592343.0,-1943401,1850,FALSE,7,02.7,02,AK,Alaska
-1593895.5,-1943221,1851,FALSE,7,02.7,02,AK,Alaska
-1594234.0,-1940017,1852,FALSE,7,02.7,02,AK,Alaska
-1596159.4,-1935643,1853,FALSE,7,02.7,02,AK,Alaska
-1600281.6,-1931532,1854,FALSE,7,02.7,02,AK,Alaska
-1604543.0,-1928435,1855,FALSE,7,02.7,02,AK,Alaska
-1607877.7,-1927356,1856,FALSE,7,02.7,02,AK,Alaska
-1611271.1,-1928175,1857,FALSE,7,02.7,02,AK,Alaska
-1612690.3,-1929378,1858,FALSE,7,02.7,02,AK,Alaska
-1616137.6,-1931730,1859,FALSE,7,02.7,02,AK,Alaska
-1617861.4,-1930424,1860,FALSE,7,02.7,02,AK,Alaska
-1620332.5,-1928208,1861,FALSE,7,02.7,02,AK,Alaska
-1621939.0,-1926490,1862,FALSE,7,02.7,02,AK,Alaska
-1622763.5,-1920811,1863,FALSE,7,02.7,02,AK,Alaska
-1621769.3,-1916804,1864,FALSE,7,02.7,02,AK,Alaska
-1552375.7,-2105985,1865,FALSE,8,02.8,02,AK,Alaska
-1549693.5,-2104551,1866,FALSE,8,02.8,02,AK,Alaska
-1545115.1,-2105154,1867,FALSE,8,02.8,02,AK,Alaska
-1541288.2,-2106513,1868,FALSE,8,02.8,02,AK,Alaska
-1539154.3,-2107000,1869,FALSE,8,02.8,02,AK,Alaska
-1538332.9,-2105065,1870,FALSE,8,02.8,02,AK,Alaska
-1538762.4,-2104027,1871,FALSE,8,02.8,02,AK,Alaska
-1535789.6,-2101357,1872,FALSE,8,02.8,02,AK,Alaska
-1533656.6,-2102037,1873,FALSE,8,02.8,02,AK,Alaska
-1531968.8,-2100031,1874,FALSE,8,02.8,02,AK,Alaska
-1530560.5,-2098768,1875,FALSE,8,02.8,02,AK,Alaska
-1528050.1,-2100839,1876,FALSE,8,02.8,02,AK,Alaska
-1525001.0,-2099447,1877,FALSE,8,02.8,02,AK,Alaska
-1522786.0,-2097220,1878,FALSE,8,02.8,02,AK,Alaska
-1522005.4,-2100897,1879,FALSE,8,02.8,02,AK,Alaska
-1520704.3,-2103517,1880,FALSE,8,02.8,02,AK,Alaska
-1517168.1,-2102664,1881,FALSE,8,02.8,02,AK,Alaska
-1512790.8,-2105757,1882,FALSE,8,02.8,02,AK,Alaska
-1513934.6,-2108530,1883,FALSE,8,02.8,02,AK,Alaska
-1513185.0,-2110578,1884,FALSE,8,02.8,02,AK,Alaska
-1514197.0,-2112256,1885,FALSE,8,02.8,02,AK,Alaska
-1513046.9,-2114416,1886,FALSE,8,02.8,02,AK,Alaska
-1514195.8,-2117310,1887,FALSE,8,02.8,02,AK,Alaska
-1512642.3,-2119866,1888,FALSE,8,02.8,02,AK,Alaska
-1510556.7,-2123492,1889,FALSE,8,02.8,02,AK,Alaska
-1511822.4,-2125699,1890,FALSE,8,02.8,02,AK,Alaska
-1514721.3,-2126680,1891,FALSE,8,02.8,02,AK,Alaska
-1516102.4,-2125663,1892,FALSE,8,02.8,02,AK,Alaska
-1518176.5,-2127036,1893,FALSE,8,02.8,02,AK,Alaska
-1521019.1,-2126636,1894,FALSE,8,02.8,02,AK,Alaska
-1523458.4,-2128026,1895,FALSE,8,02.8,02,AK,Alaska
-1523658.0,-2131292,1896,FALSE,8,02.8,02,AK,Alaska
-1526161.8,-2132354,1897,FALSE,8,02.8,02,AK,Alaska
-1527808.1,-2129003,1898,FALSE,8,02.8,02,AK,Alaska
-1529754.1,-2127378,1899,FALSE,8,02.8,02,AK,Alaska
-1533144.3,-2126582,1900,FALSE,8,02.8,02,AK,Alaska
-1536485.5,-2124543,1901,FALSE,8,02.8,02,AK,Alaska
-1539283.9,-2122390,1902,FALSE,8,02.8,02,AK,Alaska
-1542336.1,-2119302,1903,FALSE,8,02.8,02,AK,Alaska
-1545090.2,-2117789,1904,FALSE,8,02.8,02,AK,Alaska
-1548468.3,-2114608,1905,FALSE,8,02.8,02,AK,Alaska
-1550774.3,-2112968,1906,FALSE,8,02.8,02,AK,Alaska
-1550740.8,-2109876,1907,FALSE,8,02.8,02,AK,Alaska
-1552375.7,-2105985,1908,FALSE,8,02.8,02,AK,Alaska
-1582159.7,-2457400,1909,FALSE,9,02.9,02,AK,Alaska
-1579470.8,-2455000,1910,FALSE,9,02.9,02,AK,Alaska
-1576671.3,-2455043,1911,FALSE,9,02.9,02,AK,Alaska
-1572984.2,-2452903,1912,FALSE,9,02.9,02,AK,Alaska
-1570608.1,-2452758,1913,FALSE,9,02.9,02,AK,Alaska
-1568115.2,-2451588,1914,FALSE,9,02.9,02,AK,Alaska
-1565607.8,-2449510,1915,FALSE,9,02.9,02,AK,Alaska
-1564163.1,-2448263,1916,FALSE,9,02.9,02,AK,Alaska
-1564794.4,-2445380,1917,FALSE,9,02.9,02,AK,Alaska
-1563312.5,-2444137,1918,FALSE,9,02.9,02,AK,Alaska
-1562303.8,-2442567,1919,FALSE,9,02.9,02,AK,Alaska
-1561430.1,-2440476,1920,FALSE,9,02.9,02,AK,Alaska
-1560419.8,-2438133,1921,FALSE,9,02.9,02,AK,Alaska
-1562839.8,-2435587,1922,FALSE,9,02.9,02,AK,Alaska
-1563978.0,-2434079,1923,FALSE,9,02.9,02,AK,Alaska
-1563897.9,-2432035,1924,FALSE,9,02.9,02,AK,Alaska
-1560859.3,-2428313,1925,FALSE,9,02.9,02,AK,Alaska
-1556752.3,-2426494,1926,FALSE,9,02.9,02,AK,Alaska
-1553067.7,-2425485,1927,FALSE,9,02.9,02,AK,Alaska
-1550455.6,-2425793,1928,FALSE,9,02.9,02,AK,Alaska
-1548986.0,-2428749,1929,FALSE,9,02.9,02,AK,Alaska
-1546909.8,-2430794,1930,FALSE,9,02.9,02,AK,Alaska
-1544972.9,-2429345,1931,FALSE,9,02.9,02,AK,Alaska
-1542793.4,-2427146,1932,FALSE,9,02.9,02,AK,Alaska
-1540341.0,-2428645,1933,FALSE,9,02.9,02,AK,Alaska
-1539294.9,-2428293,1934,FALSE,9,02.9,02,AK,Alaska
-1537861.7,-2427809,1935,FALSE,9,02.9,02,AK,Alaska
-1535287.6,-2429504,1936,FALSE,9,02.9,02,AK,Alaska
-1537603.3,-2431045,1937,FALSE,9,02.9,02,AK,Alaska
-1538950.0,-2431939,1938,FALSE,9,02.9,02,AK,Alaska
-1540058.2,-2433849,1939,FALSE,9,02.9,02,AK,Alaska
-1541914.8,-2434057,1940,FALSE,9,02.9,02,AK,Alaska
-1544241.2,-2436939,1941,FALSE,9,02.9,02,AK,Alaska
-1542430.7,-2438250,1942,FALSE,9,02.9,02,AK,Alaska
-1538689.5,-2436067,1943,FALSE,9,02.9,02,AK,Alaska
-1536378.1,-2435365,1944,FALSE,9,02.9,02,AK,Alaska
-1535979.8,-2436776,1945,FALSE,9,02.9,02,AK,Alaska
-1537146.1,-2441601,1946,FALSE,9,02.9,02,AK,Alaska
-1539995.3,-2442397,1947,FALSE,9,02.9,02,AK,Alaska
-1542072.4,-2444084,1948,FALSE,9,02.9,02,AK,Alaska
-1545455.4,-2445504,1949,FALSE,9,02.9,02,AK,Alaska
-1547228.4,-2448262,1950,FALSE,9,02.9,02,AK,Alaska
-1549216.6,-2450820,1951,FALSE,9,02.9,02,AK,Alaska
-1551286.0,-2452852,1952,FALSE,9,02.9,02,AK,Alaska
-1553840.0,-2454981,1953,FALSE,9,02.9,02,AK,Alaska
-1557339.0,-2455206,1954,FALSE,9,02.9,02,AK,Alaska
-1560484.5,-2454925,1955,FALSE,9,02.9,02,AK,Alaska
-1562681.6,-2454918,1956,FALSE,9,02.9,02,AK,Alaska
-1565156.0,-2455289,1957,FALSE,9,02.9,02,AK,Alaska
-1568610.4,-2457432,1958,FALSE,9,02.9,02,AK,Alaska
-1569088.4,-2458914,1959,FALSE,9,02.9,02,AK,Alaska
-1572063.0,-2458824,1960,FALSE,9,02.9,02,AK,Alaska
-1574053.6,-2461736,1961,FALSE,9,02.9,02,AK,Alaska
-1575426.0,-2461134,1962,FALSE,9,02.9,02,AK,Alaska
-1577713.1,-2462297,1963,FALSE,9,02.9,02,AK,Alaska
-1581084.9,-2460719,1964,FALSE,9,02.9,02,AK,Alaska
-1583841.6,-2458590,1965,FALSE,9,02.9,02,AK,Alaska
-1582159.7,-2457400,1966,FALSE,9,02.9,02,AK,Alaska
-245786.1,-2232953,3657,FALSE,1,15.1,15,HI,Hawaii
-241874.7,-2229077,3658,FALSE,1,15.1,15,HI,Hawaii
-239333.0,-2225574,3659,FALSE,1,15.1,15,HI,Hawaii
-236579.8,-2225028,3660,FALSE,1,15.1,15,HI,Hawaii
-233576.4,-2221871,3661,FALSE,1,15.1,15,HI,Hawaii
-231916.6,-2216964,3662,FALSE,1,15.1,15,HI,Hawaii
-228779.9,-2213075,3663,FALSE,1,15.1,15,HI,Hawaii
-226441.1,-2211677,3664,FALSE,1,15.1,15,HI,Hawaii
-226488.3,-2206867,3665,FALSE,1,15.1,15,HI,Hawaii
-229696.8,-2202591,3666,FALSE,1,15.1,15,HI,Hawaii
-234908.4,-2195454,3667,FALSE,1,15.1,15,HI,Hawaii
-237056.6,-2189354,3668,FALSE,1,15.1,15,HI,Hawaii
-237081.3,-2180643,3669,FALSE,1,15.1,15,HI,Hawaii
-233459.5,-2179061,3670,FALSE,1,15.1,15,HI,Hawaii
-227508.7,-2181385,3671,FALSE,1,15.1,15,HI,Hawaii
-220546.7,-2185318,3672,FALSE,1,15.1,15,HI,Hawaii
-216626.7,-2189025,3673,FALSE,1,15.1,15,HI,Hawaii
-209012.9,-2193799,3674,FALSE,1,15.1,15,HI,Hawaii
-204424.3,-2197253,3675,FALSE,1,15.1,15,HI,Hawaii
-200466.6,-2196708,3676,FALSE,1,15.1,15,HI,Hawaii
-194294.9,-2199014,3677,FALSE,1,15.1,15,HI,Hawaii
-181501.9,-2204995,3678,FALSE,1,15.1,15,HI,Hawaii
-168361.2,-2211588,3679,FALSE,1,15.1,15,HI,Hawaii
-156203.1,-2220778,3680,FALSE,1,15.1,15,HI,Hawaii
-151104.0,-2225567,3681,FALSE,1,15.1,15,HI,Hawaii
-146367.2,-2230475,3682,FALSE,1,15.1,15,HI,Hawaii
-145483.6,-2239310,3683,FALSE,1,15.1,15,HI,Hawaii
-144198.9,-2244753,3684,FALSE,1,15.1,15,HI,Hawaii
-140039.6,-2243654,3685,FALSE,1,15.1,15,HI,Hawaii
-135952.1,-2243922,3686,FALSE,1,15.1,15,HI,Hawaii
-132434.6,-2249502,3687,FALSE,1,15.1,15,HI,Hawaii
-130697.7,-2255979,3688,FALSE,1,15.1,15,HI,Hawaii
-127334.6,-2259296,3689,FALSE,1,15.1,15,HI,Hawaii
-116423.3,-2266013,3690,FALSE,1,15.1,15,HI,Hawaii
-112070.3,-2268340,3691,FALSE,1,15.1,15,HI,Hawaii
-111701.6,-2271628,3692,FALSE,1,15.1,15,HI,Hawaii
-116833.9,-2278875,3693,FALSE,1,15.1,15,HI,Hawaii
-122992.1,-2284284,3694,FALSE,1,15.1,15,HI,Hawaii
-130091.7,-2289548,3695,FALSE,1,15.1,15,HI,Hawaii
-139095.5,-2293618,3696,FALSE,1,15.1,15,HI,Hawaii
-143564.4,-2295860,3697,FALSE,1,15.1,15,HI,Hawaii
-148290.7,-2296446,3698,FALSE,1,15.1,15,HI,Hawaii
-154702.8,-2294633,3699,FALSE,1,15.1,15,HI,Hawaii
-159402.3,-2296996,3700,FALSE,1,15.1,15,HI,Hawaii
-163618.0,-2301409,3701,FALSE,1,15.1,15,HI,Hawaii
-166639.8,-2302107,3702,FALSE,1,15.1,15,HI,Hawaii
-172360.0,-2307261,3703,FALSE,1,15.1,15,HI,Hawaii
-177552.3,-2308533,3704,FALSE,1,15.1,15,HI,Hawaii
-181586.7,-2315918,3705,FALSE,1,15.1,15,HI,Hawaii
-184200.1,-2322622,3706,FALSE,1,15.1,15,HI,Hawaii
-185979.1,-2326659,3707,FALSE,1,15.1,15,HI,Hawaii
-187999.6,-2329728,3708,FALSE,1,15.1,15,HI,Hawaii
-191139.3,-2332241,3709,FALSE,1,15.1,15,HI,Hawaii
-197765.8,-2326089,3710,FALSE,1,15.1,15,HI,Hawaii
-206991.3,-2320601,3711,FALSE,1,15.1,15,HI,Hawaii
-215334.0,-2317582,3712,FALSE,1,15.1,15,HI,Hawaii
-219874.4,-2310362,3713,FALSE,1,15.1,15,HI,Hawaii
-221053.7,-2301405,3714,FALSE,1,15.1,15,HI,Hawaii
-221442.4,-2292567,3715,FALSE,1,15.1,15,HI,Hawaii
-220917.3,-2288101,3716,FALSE,1,15.1,15,HI,Hawaii
-221547.2,-2282601,3717,FALSE,1,15.1,15,HI,Hawaii
-224854.3,-2274900,3718,FALSE,1,15.1,15,HI,Hawaii
-227158.5,-2270480,3719,FALSE,1,15.1,15,HI,Hawaii
-230526.5,-2266627,3720,FALSE,1,15.1,15,HI,Hawaii
-233584.7,-2258723,3721,FALSE,1,15.1,15,HI,Hawaii
-235402.0,-2252801,3722,FALSE,1,15.1,15,HI,Hawaii
-238034.2,-2248776,3723,FALSE,1,15.1,15,HI,Hawaii
-241428.4,-2247746,3724,FALSE,1,15.1,15,HI,Hawaii
-242206.5,-2245566,3725,FALSE,1,15.1,15,HI,Hawaii
-246490.1,-2238438,3726,FALSE,1,15.1,15,HI,Hawaii
-245786.1,-2232953,3727,FALSE,1,15.1,15,HI,Hawaii
-331452.2,-2099587,3728,FALSE,2,15.2,15,HI,Hawaii
-330380.5,-2093007,3729,FALSE,2,15.2,15,HI,Hawaii
-324755.7,-2088138,3730,FALSE,2,15.2,15,HI,Hawaii
-318715.8,-2089908,3731,FALSE,2,15.2,15,HI,Hawaii
-313239.1,-2097203,3732,FALSE,2,15.2,15,HI,Hawaii
-308492.7,-2103873,3733,FALSE,2,15.2,15,HI,Hawaii
-300721.6,-2102490,3734,FALSE,2,15.2,15,HI,Hawaii
-293901.6,-2099576,3735,FALSE,2,15.2,15,HI,Hawaii
-284438.2,-2101231,3736,FALSE,2,15.2,15,HI,Hawaii
-278783.1,-2106761,3737,FALSE,2,15.2,15,HI,Hawaii
-271889.6,-2110670,3738,FALSE,2,15.2,15,HI,Hawaii
-263551.8,-2116929,3739,FALSE,2,15.2,15,HI,Hawaii
-257490.9,-2119021,3740,FALSE,2,15.2,15,HI,Hawaii
-254804.3,-2124930,3741,FALSE,2,15.2,15,HI,Hawaii
-255778.5,-2130017,3742,FALSE,2,15.2,15,HI,Hawaii
-259598.2,-2133456,3743,FALSE,2,15.2,15,HI,Hawaii
-267936.0,-2137049,3744,FALSE,2,15.2,15,HI,Hawaii
-276285.1,-2136349,3745,FALSE,2,15.2,15,HI,Hawaii
-283470.1,-2139410,3746,FALSE,2,15.2,15,HI,Hawaii
-292858.4,-2140744,3747,FALSE,2,15.2,15,HI,Hawaii
-298790.6,-2138106,3748,FALSE,2,15.2,15,HI,Hawaii
-300911.5,-2131488,3749,FALSE,2,15.2,15,HI,Hawaii
-303684.9,-2122276,3750,FALSE,2,15.2,15,HI,Hawaii
-304344.2,-2120297,3751,FALSE,2,15.2,15,HI,Hawaii
-306080.1,-2116057,3752,FALSE,2,15.2,15,HI,Hawaii
-309573.1,-2114820,3753,FALSE,2,15.2,15,HI,Hawaii
-312535.5,-2116946,3754,FALSE,2,15.2,15,HI,Hawaii
-314398.3,-2115945,3755,FALSE,2,15.2,15,HI,Hawaii
-322917.3,-2111362,3756,FALSE,2,15.2,15,HI,Hawaii
-329755.4,-2103063,3757,FALSE,2,15.2,15,HI,Hawaii
-331452.2,-2099587,3758,FALSE,2,15.2,15,HI,Hawaii
-498316.1,-2010051,3759,FALSE,3,15.3,15,HI,Hawaii
-487432.6,-2010846,3760,FALSE,3,15.3,15,HI,Hawaii
-483279.4,-2006630,3761,FALSE,3,15.3,15,HI,Hawaii
-480841.1,-2002041,3762,FALSE,3,15.3,15,HI,Hawaii
-475334.0,-1998472,3763,FALSE,3,15.3,15,HI,Hawaii
-472971.0,-1998182,3764,FALSE,3,15.3,15,HI,Hawaii
-467667.4,-2005616,3765,FALSE,3,15.3,15,HI,Hawaii
-461837.5,-2014708,3766,FALSE,3,15.3,15,HI,Hawaii
-457098.7,-2020258,3767,FALSE,3,15.3,15,HI,Hawaii
-457140.9,-2027339,3768,FALSE,3,15.3,15,HI,Hawaii
-453547.2,-2030655,3769,FALSE,3,15.3,15,HI,Hawaii
-448762.9,-2028761,3770,FALSE,3,15.3,15,HI,Hawaii
-444416.2,-2029417,3771,FALSE,3,15.3,15,HI,Hawaii
-443853.9,-2035737,3772,FALSE,3,15.3,15,HI,Hawaii
-441841.0,-2040952,3773,FALSE,3,15.3,15,HI,Hawaii
-435192.8,-2046580,3774,FALSE,3,15.3,15,HI,Hawaii
-435470.1,-2047072,3775,FALSE,3,15.3,15,HI,Hawaii
-436976.1,-2049739,3776,FALSE,3,15.3,15,HI,Hawaii
-439481.7,-2051764,3777,FALSE,3,15.3,15,HI,Hawaii
-445544.3,-2049616,3778,FALSE,3,15.3,15,HI,Hawaii
-447711.0,-2050836,3779,FALSE,3,15.3,15,HI,Hawaii
-450659.1,-2051398,3780,FALSE,3,15.3,15,HI,Hawaii
-455282.6,-2047944,3781,FALSE,3,15.3,15,HI,Hawaii
-459581.3,-2045062,3782,FALSE,3,15.3,15,HI,Hawaii
-465904.0,-2043766,3783,FALSE,3,15.3,15,HI,Hawaii
-469113.2,-2043068,3784,FALSE,3,15.3,15,HI,Hawaii
-473442.1,-2043376,3785,FALSE,3,15.3,15,HI,Hawaii
-479859.9,-2043908,3786,FALSE,3,15.3,15,HI,Hawaii
-481389.5,-2043855,3787,FALSE,3,15.3,15,HI,Hawaii
-484683.8,-2038261,3788,FALSE,3,15.3,15,HI,Hawaii
-484898.2,-2037775,3789,FALSE,3,15.3,15,HI,Hawaii
-486184.8,-2034858,3790,FALSE,3,15.3,15,HI,Hawaii
-490575.2,-2030989,3791,FALSE,3,15.3,15,HI,Hawaii
-491263.0,-2028027,3792,FALSE,3,15.3,15,HI,Hawaii
-497169.7,-2020965,3793,FALSE,3,15.3,15,HI,Hawaii
-497446.6,-2016868,3794,FALSE,3,15.3,15,HI,Hawaii
-502912.8,-2010134,3795,FALSE,3,15.3,15,HI,Hawaii
-498316.1,-2010051,3796,FALSE,3,15.3,15,HI,Hawaii
-662312.7,-1936839,3797,FALSE,4,15.4,15,HI,Hawaii
-658745.3,-1933624,3798,FALSE,4,15.4,15,HI,Hawaii
-657701.7,-1928975,3799,FALSE,4,15.4,15,HI,Hawaii
-655365.5,-1927093,3800,FALSE,4,15.4,15,HI,Hawaii
-646275.3,-1923513,3801,FALSE,4,15.4,15,HI,Hawaii
-643403.6,-1921386,3802,FALSE,4,15.4,15,HI,Hawaii
-639612.8,-1922068,3803,FALSE,4,15.4,15,HI,Hawaii
-636048.7,-1924561,3804,FALSE,4,15.4,15,HI,Hawaii
-634010.0,-1921891,3805,FALSE,4,15.4,15,HI,Hawaii
-628195.2,-1923687,3806,FALSE,4,15.4,15,HI,Hawaii
-625360.8,-1922621,3807,FALSE,4,15.4,15,HI,Hawaii
-620998.1,-1925246,3808,FALSE,4,15.4,15,HI,Hawaii
-615656.9,-1929396,3809,FALSE,4,15.4,15,HI,Hawaii
-613033.5,-1936487,3810,FALSE,4,15.4,15,HI,Hawaii
-614922.1,-1943186,3811,FALSE,4,15.4,15,HI,Hawaii
-616352.8,-1945231,3812,FALSE,4,15.4,15,HI,Hawaii
-615685.1,-1950079,3813,FALSE,4,15.4,15,HI,Hawaii
-615667.2,-1955505,3814,FALSE,4,15.4,15,HI,Hawaii
-620082.6,-1959325,3815,FALSE,4,15.4,15,HI,Hawaii
-625666.8,-1963569,3816,FALSE,4,15.4,15,HI,Hawaii
-634200.6,-1960794,3817,FALSE,4,15.4,15,HI,Hawaii
-639150.5,-1959171,3818,FALSE,4,15.4,15,HI,Hawaii
-642074.7,-1958867,3819,FALSE,4,15.4,15,HI,Hawaii
-647266.4,-1953527,3820,FALSE,4,15.4,15,HI,Hawaii
-653472.8,-1949654,3821,FALSE,4,15.4,15,HI,Hawaii
-658435.5,-1947155,3822,FALSE,4,15.4,15,HI,Hawaii
-662122.1,-1942058,3823,FALSE,4,15.4,15,HI,Hawaii
-662312.7,-1936839,3824,FALSE,4,15.4,15,HI,Hawaii
-394483.8,-2067712,3825,FALSE,5,15.5,15,HI,Hawaii
-392015.0,-2065023,3826,FALSE,5,15.5,15,HI,Hawaii
-393729.4,-2060251,3827,FALSE,5,15.5,15,HI,Hawaii
-387608.6,-2061505,3828,FALSE,5,15.5,15,HI,Hawaii
-379742.6,-2064182,3829,FALSE,5,15.5,15,HI,Hawaii
-370502.9,-2066158,3830,FALSE,5,15.5,15,HI,Hawaii
-367993.2,-2065277,3831,FALSE,5,15.5,15,HI,Hawaii
-365043.2,-2064239,3832,FALSE,5,15.5,15,HI,Hawaii
-362859.6,-2064430,3833,FALSE,5,15.5,15,HI,Hawaii
-357937.4,-2069659,3834,FALSE,5,15.5,15,HI,Hawaii
-357601.9,-2069693,3835,FALSE,5,15.5,15,HI,Hawaii
-349724.3,-2070466,3836,FALSE,5,15.5,15,HI,Hawaii
-339602.1,-2070363,3837,FALSE,5,15.5,15,HI,Hawaii
-335929.5,-2072622,3838,FALSE,5,15.5,15,HI,Hawaii
-338352.6,-2077719,3839,FALSE,5,15.5,15,HI,Hawaii
-344187.7,-2082194,3840,FALSE,5,15.5,15,HI,Hawaii
-351659.9,-2083574,3841,FALSE,5,15.5,15,HI,Hawaii
-359823.2,-2081016,3842,FALSE,5,15.5,15,HI,Hawaii
-367612.7,-2077802,3843,FALSE,5,15.5,15,HI,Hawaii
-373418.9,-2075859,3844,FALSE,5,15.5,15,HI,Hawaii
-382635.1,-2076328,3845,FALSE,5,15.5,15,HI,Hawaii
-390936.3,-2075943,3846,FALSE,5,15.5,15,HI,Hawaii
-397135.8,-2073834,3847,FALSE,5,15.5,15,HI,Hawaii
-394483.8,-2067712,3848,FALSE,5,15.5,15,HI,Hawaii
